record_id,name,county,current_state,gps_source,destination_latitude,destination_longitude,directory_gps_source,directory_coordinate_role,record_revision,navigation_label,origin,blocker,receipt
48d810bf-e59f-4314-9efb-8103a818a3bd,ALBATROSS,Belmont,3,saved,40.079353,-81.224381,saved,saved pad reference,1786265812046205,GPS destination only,phone current location,No state-1/2 clipped-route and mobile-handoff receipt is released; use the trusted GPS destination only.,trusted GPS fallback
12da2a9f-c9ae-467f-abf5-723c31daecfe,ALBERT,Belmont,3,saved,40.04569,-81.21533,saved,saved pad reference,1786405417119866,GPS destination only,phone current location,No state-1/2 clipped-route and mobile-handoff receipt is released; use the trusted GPS destination only.,trusted GPS fallback
fda8a55c-605d-4fb7-903a-4ec4580e76cd,ALBRIGHT,Belmont,3,saved,39.955006,-80.8312,saved,saved pad reference,1786258360881449,GPS destination only,phone current location,No state-1/2 clipped-route and mobile-handoff receipt is released; use the trusted GPS destination only.,trusted GPS fallback
c2923e5d-882b-44fe-be0c-6f3332cbb54b,ANCHOR,Belmont,3,ODNR pad,40.158007,-81.093945,ODNR pad,official pad reference,1786265812046205,GPS destination only,phone current location,No state-1/2 clipped-route and mobile-handoff receipt is released; use the trusted GPS destination only.,trusted GPS fallback
63a3497d-70e9-47a0-8500-00e094a5b871,ANTELOK,Belmont,3,saved,40.043212,-80.900901,saved,saved pad reference,1787459253071652,GPS destination only,phone current location,No state-1/2 clipped-route and mobile-handoff receipt is released; use the trusted GPS destination only.,trusted GPS fallback
fa2d692c-4f3a-4a28-8985-3809c9dbd15d,AXLE,Belmont,3,saved,39.984049,-81.195962,saved,saved pad reference,1786265812046205,GPS destination only,phone current location,No state-1/2 clipped-route and mobile-handoff receipt is released; use the trusted GPS destination only.,trusted GPS fallback
d7898e8c-1bb6-48f8-b5e0-87bc1898420e,BAKOS,Belmont,3,saved,40.151125,-80.852968,saved,saved pad reference,1787615581785257,GPS destination only,phone current location,The frozen exact-route receipt has no current public mobile handoff; use the saved GPS destination only.,BAKOS frozen route regression plus trusted GPS fallback
333598ca-37b3-4b44-9411-a490cc3da672,BANNOCK,Belmont,3,saved,40.111003,-81.002932,saved,verified driver entrance,1786744183028038,GPS destination only,phone current location,No state-1/2 clipped-route and mobile-handoff receipt is released; use the trusted GPS destination only.,trusted GPS fallback
98eec273-b8aa-49b6-b791-2d53b5f256c6,BEDWAY,Belmont,3,saved,40.072874,-81.021494,saved,verified driver entrance,1786258360881449,GPS destination only,phone current location,No state-1/2 clipped-route and mobile-handoff receipt is released; use the trusted GPS destination only.,trusted GPS fallback
c2c9664b-f853-4ecf-8107-7b5630e69bcf,BENNINGTON,Belmont,3,ODNR pad,39.982139,-80.914606,ODNR pad,official pad reference,1786265812046205,GPS destination only,phone current location,No state-1/2 clipped-route and mobile-handoff receipt is released; use the trusted GPS destination only.,trusted GPS fallback
f896d00c-da26-41b6-bf5b-e9d91afbdbc6,BLAYNEY,Belmont,3,saved,40.115603,-80.992706,saved,saved pad reference,1787615581785257,GPS destination only,phone current location,No state-1/2 clipped-route and mobile-handoff receipt is released; use the trusted GPS destination only.,trusted GPS fallback
456b4e09-b11c-429b-87e2-1b293bfb319c,BLESSED,Belmont,3,saved,40.011526,-80.879811,saved,saved pad reference,1786265812046205,GPS destination only,phone current location,No state-1/2 clipped-route and mobile-handoff receipt is released; use the trusted GPS destination only.,trusted GPS fallback
5056a78d-6965-4cfa-a100-488b80ba5397,BOROVICH,Belmont,3,saved,40.0112,-80.892363,saved,saved pad reference,1786258360881449,GPS destination only,phone current location,No state-1/2 clipped-route and mobile-handoff receipt is released; use the trusted GPS destination only.,trusted GPS fallback
05c3de57-2e9b-4a24-9c5b-59584fbec133,BREEZE,Belmont,3,saved,40.035226,-80.97599,saved,saved pad reference,1786258360881449,GPS destination only,phone current location,No state-1/2 clipped-route and mobile-handoff receipt is released; use the trusted GPS destination only.,trusted GPS fallback
b9d1a8de-2ddd-4345-82a1-7e2a1f6ff2cb,CARLOS,Belmont,3,saved,40.042305,-80.972809,saved,saved pad reference,1786265812046205,GPS destination only,phone current location,No state-1/2 clipped-route and mobile-handoff receipt is released; use the trusted GPS destination only.,trusted GPS fallback
18213b3c-d7a0-4042-b369-c595dce25a9d,COFFIELD,Belmont,3,saved,40.044611,-80.88296,saved,saved pad reference,1786258360881449,GPS destination only,phone current location,No state-1/2 clipped-route and mobile-handoff receipt is released; use the trusted GPS destination only.,trusted GPS fallback
ab964acf-05ac-4e18-b8cd-e5cb3914105c,COLEMAN,Belmont,3,saved,40.07909,-80.93528,saved,saved pad reference,1787459253071652,GPS destination only,phone current location,No state-1/2 clipped-route and mobile-handoff receipt is released; use the trusted GPS destination only.,trusted GPS fallback
4213711f-0f23-440a-b0ec-42a1f9be4db0,COOK,Belmont,3,saved,40.002019,-80.875167,saved,saved pad reference,1786265812046205,GPS destination only,phone current location,No state-1/2 clipped-route and mobile-handoff receipt is released; use the trusted GPS destination only.,trusted GPS fallback
23053421-06d5-47a2-bf77-5c3fdea4939b,CRAVAT NORTH,Belmont,3,saved,40.158191,-80.913312,saved,saved pad reference,1786258360881449,GPS destination only,phone current location,No state-1/2 clipped-route and mobile-handoff receipt is released; use the trusted GPS destination only.,trusted GPS fallback
fba35b8e-ccc6-406b-b27c-ac9ce4eed29d,CROWIE,Belmont,3,saved,40.0979,-80.9384,saved,verified driver entrance,1786265812046205,GPS destination only,phone current location,No state-1/2 clipped-route and mobile-handoff receipt is released; use the trusted GPS destination only.,trusted GPS fallback
fbdb5ee4-38d6-4801-81cc-8ad4abbb24e2,DUTTON,Belmont,3,saved,40.150027,-81.017133,saved,saved pad reference,1787459253071652,GPS destination only,phone current location,No state-1/2 clipped-route and mobile-handoff receipt is released; use the trusted GPS destination only.,trusted GPS fallback
6a47931a-4341-4965-9593-cfc3fc3e1c80,EMERSYN,Belmont,3,saved,40.089436,-80.996978,saved,verified driver entrance,1786258360881449,GPS destination only,phone current location,No state-1/2 clipped-route and mobile-handoff receipt is released; use the trusted GPS destination only.,trusted GPS fallback
a6fafe63-0153-4e09-a931-0da5b65b18ea,EUREKA,Belmont,3,saved,40.01486,-80.920507,saved,saved pad reference,1786265812046205,GPS destination only,phone current location,No state-1/2 clipped-route and mobile-handoff receipt is released; use the trusted GPS destination only.,trusted GPS fallback
4166a215-45bb-4662-82e2-80bb0184703b,EXETER,Belmont,3,ODNR pad,40.099352,-80.984043,ODNR pad,official pad reference,1786265812046205,GPS destination only,phone current location,No state-1/2 clipped-route and mobile-handoff receipt is released; use the trusted GPS destination only.,trusted GPS fallback
46b82718-a6ca-437a-a2c6-f50c3f57c552,EZEKIEL,Belmont,3,saved,40.005527,-81.207719,saved,saved pad reference,1787459253071652,GPS destination only,phone current location,No reviewed exact public-road sequence is released; use the trusted GPS destination only.,trusted GPS fallback
f5944b59-285c-4c82-aeba-98b3d1fba4ae,FLEAGANE,Belmont,3,saved,40.048011,-80.795112,saved,saved pad reference,1786258360881449,GPS destination only,phone current location,No state-1/2 clipped-route and mobile-handoff receipt is released; use the trusted GPS destination only.,trusted GPS fallback
ed1df007-6cd9-4704-9d48-f72209cefa29,GEOFLO,Belmont,3,saved,40.120221,-80.921817,saved,saved pad reference,1786265812046205,GPS destination only,phone current location,No state-1/2 clipped-route and mobile-handoff receipt is released; use the trusted GPS destination only.,trusted GPS fallback
a02e60ee-e32a-4c10-a7c5-b284395159fd,GRAND,Belmont,3,ODNR wellhead,40.013451,-81.160887,ODNR wellhead,official wellhead reference,1786265512886177,GPS destination only,phone current location,No state-1/2 clipped-route and mobile-handoff receipt is released; use the trusted GPS destination only.,trusted GPS fallback
f2f82142-f6d8-4f8d-b440-2ff86f624158,HASTINGS,Belmont,3,saved,40.163138,-81.021428,saved,saved pad reference,1786265812046205,GPS destination only,phone current location,No state-1/2 clipped-route and mobile-handoff receipt is released; use the trusted GPS destination only.,trusted GPS fallback
952f385d-659a-4f00-80c6-3aff474d5f27,HELLER,Belmont,3,saved,39.974278,-80.887661,saved,saved pad reference,1786265812046205,GPS destination only,phone current location,No state-1/2 clipped-route and mobile-handoff receipt is released; use the trusted GPS destination only.,trusted GPS fallback
036d0ac7-d72e-49e4-a400-ee0a631029e1,HENDERSON,Belmont,3,saved,40.050354,-80.935656,saved,saved pad reference,1786265812046205,GPS destination only,phone current location,No state-1/2 clipped-route and mobile-handoff receipt is released; use the trusted GPS destination only.,trusted GPS fallback
07b566cd-393e-49f6-9547-676438aefc1a,HINDMAN,Belmont,3,ODNR pad,40.080894,-80.842001,ODNR pad,official pad reference,1786246617744175,GPS destination only,phone current location,No state-1/2 clipped-route and mobile-handoff receipt is released; use the trusted GPS destination only.,trusted GPS fallback
85d74b99-da49-4a5a-aadf-1ce2b461071c,KALDOR,Belmont,3,saved,39.976061,-80.838183,saved,saved pad reference,1786265812046205,GPS destination only,phone current location,No state-1/2 clipped-route and mobile-handoff receipt is released; use the trusted GPS destination only.,trusted GPS fallback
947959e6-8297-4b03-b591-25d196e7b1c0,KASETTA,Belmont,3,saved,39.92,-80.87,saved,saved pad reference,1786265812046205,GPS destination only,phone current location,No state-1/2 clipped-route and mobile-handoff receipt is released; use the trusted GPS destination only.,trusted GPS fallback
c09f4dd1-68f9-46d1-90b3-560240550ecd,KEMPER,Belmont,3,saved,39.98664,-80.84253,saved,saved pad reference,1786265812046205,GPS destination only,phone current location,No state-1/2 clipped-route and mobile-handoff receipt is released; use the trusted GPS destination only.,trusted GPS fallback
3d920c70-2910-4b0a-a85a-442cd477802f,KRNYAICH,Belmont,3,saved,39.966783,-80.851178,saved,saved pad reference,1786258360881449,GPS destination only,phone current location,No state-1/2 clipped-route and mobile-handoff receipt is released; use the trusted GPS destination only.,trusted GPS fallback
47a0305e-c641-499b-990c-0f7fe83493b8,KUNGLE A,Belmont,3,saved,39.88507,-80.88258,saved,saved pad reference,1787459253071652,GPS destination only,phone current location,No state-1/2 clipped-route and mobile-handoff receipt is released; use the trusted GPS destination only.,trusted GPS fallback
ad5ef012-46f5-46ca-93c7-0f5b492cb201,KUNGLE B,Belmont,3,saved,39.88678,-80.87008,saved,saved pad reference,1786258360881449,GPS destination only,phone current location,No state-1/2 clipped-route and mobile-handoff receipt is released; use the trusted GPS destination only.,trusted GPS fallback
83499ca1-3c45-4502-b7c2-688e88343093,KURTH,Belmont,3,saved,40.031709,-80.841961,saved,saved pad reference,1786258360881449,GPS destination only,phone current location,No state-1/2 clipped-route and mobile-handoff receipt is released; use the trusted GPS destination only.,trusted GPS fallback
907c0955-b7c1-47a9-b449-dd5762f2e642,LEE,Belmont,3,saved,40.090178,-80.811589,saved,saved pad reference,1786258360881449,GPS destination only,phone current location,No state-1/2 clipped-route and mobile-handoff receipt is released; use the trusted GPS destination only.,trusted GPS fallback
a35f0ea7-13d7-45dd-8fe2-fe73e4964df2,LORRAINE,Belmont,3,saved,40.09955,-80.840213,saved,saved pad reference,1786265812046205,GPS destination only,phone current location,No state-1/2 clipped-route and mobile-handoff receipt is released; use the trusted GPS destination only.,trusted GPS fallback
8f616827-d7da-4b40-b9c2-49fd5e713822,MALDON,Belmont,3,saved,40.010241,-81.197285,saved,saved pad reference,1786265812046205,GPS destination only,phone current location,No state-1/2 clipped-route and mobile-handoff receipt is released; use the trusted GPS destination only.,trusted GPS fallback
d6d0a0fd-1cd3-48ae-8e41-90d744b9f8f6,MATUSEK,Belmont,3,saved,40.146555,-80.922785,saved,saved pad reference,1786258360881449,GPS destination only,phone current location,No state-1/2 clipped-route and mobile-handoff receipt is released; use the trusted GPS destination only.,trusted GPS fallback
d5722be0-59a2-42ae-baed-4c73efef4df6,MILLER,Belmont,3,saved,39.994185,-80.790537,saved,saved pad reference,1786265812046205,GPS destination only,phone current location,No state-1/2 clipped-route and mobile-handoff receipt is released; use the trusted GPS destination only.,trusted GPS fallback
bf97cbb2-e1bd-485e-b41d-fa314a8f9a0a,OBOY,Belmont,3,saved,40.135262,-80.872088,saved,saved pad reference,1786258360881449,GPS destination only,phone current location,No state-1/2 clipped-route and mobile-handoff receipt is released; use the trusted GPS destination only.,trusted GPS fallback
ac833974-3bda-4370-b7f8-48e4fd4dcdee,OLIVER,Belmont,3,saved,40.141528,-80.796019,saved,saved pad reference,1787459253071652,GPS destination only,phone current location,No state-1/2 clipped-route and mobile-handoff receipt is released; use the trusted GPS destination only.,trusted GPS fallback
74032b6e-179d-4672-8720-55ac86cab232,PANG,Belmont,3,saved,40.147178,-80.948742,saved,saved pad reference,1786258360881449,GPS destination only,phone current location,No state-1/2 clipped-route and mobile-handoff receipt is released; use the trusted GPS destination only.,trusted GPS fallback
7dd270a8-bd26-413f-b5dc-106fbce8fdd4,PAVICH,Belmont,3,saved,39.86264,-80.92166,saved,saved pad reference,1786258360881449,GPS destination only,phone current location,No state-1/2 clipped-route and mobile-handoff receipt is released; use the trusted GPS destination only.,trusted GPS fallback
a3d9eb44-0446-4e4d-8917-ee6b978565f4,POL,Belmont,3,saved,40.1703,-80.788818,saved,saved pad reference,1787459253071652,GPS destination only,phone current location,No state-1/2 clipped-route and mobile-handoff receipt is released; use the trusted GPS destination only.,trusted GPS fallback
41f0bfc3-7be1-450f-abfc-96dce544547b,PORTERFIELD B,Belmont,3,saved,40.090438,-80.92121,saved,saved pad reference,1786258360881449,GPS destination only,phone current location,No state-1/2 clipped-route and mobile-handoff receipt is released; use the trusted GPS destination only.,trusted GPS fallback
0b7105a0-1b36-4182-8d10-1f2e297c8bab,PORTERFIELD GAS UNIT,Belmont,3,saved,40.090431,-80.928503,saved,saved pad reference,1786258360881449,GPS destination only,phone current location,No state-1/2 clipped-route and mobile-handoff receipt is released; use the trusted GPS destination only.,trusted GPS fallback
bb597303-aba8-47d6-9503-692687331658,PREMIERE,Belmont,3,ODNR wellhead,40.128496,-81.001952,ODNR wellhead,official wellhead reference,1786265512886177,GPS destination only,phone current location,No state-1/2 clipped-route and mobile-handoff receipt is released; use the trusted GPS destination only.,trusted GPS fallback
4408e188-ccb4-40a6-9627-6c7a648fdd49,PROSSER E,Belmont,3,saved,40.101534,-81.020914,saved,saved pad reference,1786265812046205,GPS destination only,phone current location,No state-1/2 clipped-route and mobile-handoff receipt is released; use the trusted GPS destination only.,trusted GPS fallback
fd6649db-8828-4f70-8519-8aac5097bfe8,R HOOVER,Belmont,3,saved,40.144397,-80.892833,saved,saved pad reference,1786258360881449,GPS destination only,phone current location,No state-1/2 clipped-route and mobile-handoff receipt is released; use the trusted GPS destination only.,trusted GPS fallback
b8490b6c-0924-4b1d-a46e-6dc54e7e7267,REITZ,Belmont,3,saved,39.95176,-80.857579,saved,saved pad reference,1786265812046205,GPS destination only,phone current location,No state-1/2 clipped-route and mobile-handoff receipt is released; use the trusted GPS destination only.,trusted GPS fallback
73f48788-9990-435a-adee-999740e958de,RICHLAND B,Belmont,3,saved,40.077481,-80.995772,saved,saved pad reference,1786258360881449,GPS destination only,phone current location,No state-1/2 clipped-route and mobile-handoff receipt is released; use the trusted GPS destination only.,trusted GPS fallback
435db86b-8ba5-40e2-a181-252adef649ab,ROBINSON,Belmont,3,saved,40.014531,-80.770108,saved,saved pad reference,1787459253071652,GPS destination only,phone current location,No state-1/2 clipped-route and mobile-handoff receipt is released; use the trusted GPS destination only.,trusted GPS fallback
19a4f7ef-4334-4b1c-8443-2c5ccb323d1d,ROCK RIDGE,Belmont,3,saved,39.998772,-81.224825,saved,verified driver entrance,1786265812046205,GPS destination only,phone current location,No state-1/2 clipped-route and mobile-handoff receipt is released; use the trusted GPS destination only.,trusted GPS fallback
73e32bb0-be54-47c7-a2bf-3472dd16fd33,ROSS,Belmont,3,saved,40.105598,-80.954744,saved,saved pad reference,1786265812046205,GPS destination only,phone current location,No state-1/2 clipped-route and mobile-handoff receipt is released; use the trusted GPS destination only.,trusted GPS fallback
553870dd-59f1-43c2-845a-ec8d1c28e136,SCHNEGG,Belmont,3,saved,39.86371,-80.863685,saved,saved pad reference,1786258360881449,GPS destination only,phone current location,No state-1/2 clipped-route and mobile-handoff receipt is released; use the trusted GPS destination only.,trusted GPS fallback
f68bb21b-696f-4154-9a2f-09a0285984f0,SEABRIGHT,Belmont,3,saved,40.105655,-80.802137,saved,saved pad reference,1786265812046205,GPS destination only,phone current location,No state-1/2 clipped-route and mobile-handoff receipt is released; use the trusted GPS destination only.,trusted GPS fallback
69c63442-de05-4d15-95da-07da587bc070,SHUTWAY,Belmont,3,saved,40.113559,-81.076149,saved,saved pad reference,1787615581785257,GPS destination only,phone current location,No state-1/2 clipped-route and mobile-handoff receipt is released; use the trusted GPS destination only.,trusted GPS fallback
5a0ede1b-4586-4edc-9438-7cb29a24e58e,SIDWELL,Belmont,3,saved,40.146316,-80.979282,saved,saved pad reference,1787459253071652,GPS destination only,phone current location,No state-1/2 clipped-route and mobile-handoff receipt is released; use the trusted GPS destination only.,trusted GPS fallback
7997ba1f-ec1f-4e2f-a67f-8d36837aca67,SKYLINE,Belmont,3,ODNR pad,40.163318,-81.007131,ODNR pad,official pad reference,1787459253071652,GPS destination only,phone current location,No state-1/2 clipped-route and mobile-handoff receipt is released; use the trusted GPS destination only.,trusted GPS fallback
59d66423-1e09-4ac8-b2ab-ae2d06d11f12,SMITH,Belmont,3,saved,40.112328,-80.81926,saved,saved pad reference,1786265812046205,GPS destination only,phone current location,No state-1/2 clipped-route and mobile-handoff receipt is released; use the trusted GPS destination only.,trusted GPS fallback
160d3e78-8db6-44dd-8b2c-4bdeb0f678b9,SOPHIA JOE,Belmont,3,saved,40.125229,-80.856075,saved,saved pad reference,1786258360881449,GPS destination only,phone current location,No state-1/2 clipped-route and mobile-handoff receipt is released; use the trusted GPS destination only.,trusted GPS fallback
d70f5f1d-7f44-4a5e-9b05-06264f56470d,THREE DADS,Belmont,3,saved,40.099252,-80.855031,saved,saved pad reference,1786265812046205,GPS destination only,phone current location,No state-1/2 clipped-route and mobile-handoff receipt is released; use the trusted GPS destination only.,trusted GPS fallback
cd4f6dcc-b603-4155-84b2-30d7ee87bbc7,TRUCHAN NE,Belmont,3,saved,40.146637,-80.931651,saved,saved pad reference,1786258360881449,GPS destination only,phone current location,No state-1/2 clipped-route and mobile-handoff receipt is released; use the trusted GPS destination only.,trusted GPS fallback
c10e2066-d6b7-4117-aea9-137dd1237b3a,TRUCHAN NW,Belmont,3,saved,40.147814,-80.935886,saved,saved pad reference,1786258360881449,GPS destination only,phone current location,No state-1/2 clipped-route and mobile-handoff receipt is released; use the trusted GPS destination only.,trusted GPS fallback
ce5d219e-1d2c-47c8-b921-3f2abfe45c5d,VANNELLE,Belmont,3,saved,40.14744,-80.961696,saved,saved pad reference,1786258360881449,GPS destination only,phone current location,No state-1/2 clipped-route and mobile-handoff receipt is released; use the trusted GPS destination only.,trusted GPS fallback
55f7328d-0da2-430d-8ecb-89ad91260f61,VIOLET,Belmont,3,saved,40.014235,-80.793111,saved,saved pad reference,1786265812046205,GPS destination only,phone current location,No state-1/2 clipped-route and mobile-handoff receipt is released; use the trusted GPS destination only.,trusted GPS fallback
a26bd78e-5be2-4484-908e-3df512de2296,WASSMANN,Belmont,3,saved,39.991086,-80.787849,saved,saved pad reference,1786265812046205,GPS destination only,phone current location,No state-1/2 clipped-route and mobile-handoff receipt is released; use the trusted GPS destination only.,trusted GPS fallback
ebe8e078-ab41-4151-84fb-4186772b4a07,WEST,Belmont,3,saved,39.92022,-80.86322,saved,saved pad reference,1786265812046205,GPS destination only,phone current location,No state-1/2 clipped-route and mobile-handoff receipt is released; use the trusted GPS destination only.,trusted GPS fallback
25dc9adf-e09a-4cfa-8900-59492fbad0ec,WHEELING VALLEY,Belmont,3,saved,40.153061,-80.923517,saved,saved pad reference,1786258360881449,GPS destination only,phone current location,No state-1/2 clipped-route and mobile-handoff receipt is released; use the trusted GPS destination only.,trusted GPS fallback
f90abbf8-d7a6-4437-9668-23aadb80eeef,WISE,Belmont,3,saved,40.046772,-80.782373,saved,saved pad reference,1787459253071652,GPS destination only,phone current location,No state-1/2 clipped-route and mobile-handoff receipt is released; use the trusted GPS destination only.,trusted GPS fallback
f2df293f-13a2-401e-96b2-21e71ac63e6a,WITHEY,Belmont,3,saved,39.962005,-81.216813,saved,verified driver entrance,1786246617744175,GPS destination only,phone current location,No state-1/2 clipped-route and mobile-handoff receipt is released; use the trusted GPS destination only.,trusted GPS fallback
a2e0fe73-db17-44fd-86ce-5a0759971607,WRIGHT,Belmont,3,saved,40.006933,-80.845086,saved,saved pad reference,1786265812046205,GPS destination only,phone current location,No state-1/2 clipped-route and mobile-handoff receipt is released; use the trusted GPS destination only.,trusted GPS fallback
81b842b1-9f67-4be4-b94f-7a2ae402b740,ATMOS,Guernsey,3,saved,40.05752,-81.265294,saved,saved pad reference,1786258360881449,GPS destination only,phone current location,No state-1/2 clipped-route and mobile-handoff receipt is released; use the trusted GPS destination only.,trusted GPS fallback
0b76ebf9-8ed9-46a7-957d-12c2617d61df,AYERS,Guernsey,3,saved,40.111221,-81.394485,saved,saved pad reference,1786265512886177,GPS destination only,phone current location,No state-1/2 clipped-route and mobile-handoff receipt is released; use the trusted GPS destination only.,trusted GPS fallback
6a76157e-c1c5-4624-bdf3-db996ed3aebd,BETTS,Guernsey,3,saved,40.105342,-81.260282,saved,saved pad reference,1786258360881449,GPS destination only,phone current location,No state-1/2 clipped-route and mobile-handoff receipt is released; use the trusted GPS destination only.,trusted GPS fallback
59061829-1122-4aae-872d-cf5024310373,BILINOVICH,Guernsey,reviewed_handoff_authority_held,ODNR pad,40.08738445,-81.3028262,saved,saved pad reference,1787802711836476,Navigate reviewed route,phone current location,"The frozen no-Blaze reviewed handoff works, but approved graph and public-Google authority remain held.",BILINOVICH frozen PR #174 no-Blaze handoff
0dc102c5-1640-47bf-9975-736cf684c227,BROWN,Guernsey,3,ODNR pad,40.182389,-81.413411,ODNR pad,official pad reference,1786265812046205,GPS destination only,phone current location,No state-1/2 clipped-route and mobile-handoff receipt is released; use the trusted GPS destination only.,trusted GPS fallback
58c94af4-32b1-4f80-a278-a5f73688fa23,CASTON,Guernsey,3,saved,40.130458,-81.328059,saved,saved pad reference,1786258360881449,GPS destination only,phone current location,No state-1/2 clipped-route and mobile-handoff receipt is released; use the trusted GPS destination only.,trusted GPS fallback
b22c557a-950a-4ed7-a65a-f4730b9bc727,CIRCLE-OAKS,Guernsey,3,saved,40.176413,-81.34877,saved,verified driver entrance,1787459253071652,GPS destination only,phone current location,No state-1/2 clipped-route and mobile-handoff receipt is released; use the trusted GPS destination only.,trusted GPS fallback
57e1d8d2-0d6c-481f-881d-1839a72a037b,COAD,Guernsey,3,saved,40.033571,-81.258135,saved,saved pad reference,1786258360881449,GPS destination only,phone current location,No state-1/2 clipped-route and mobile-handoff receipt is released; use the trusted GPS destination only.,trusted GPS fallback
852a50cf-855e-4ebc-96db-19edd085b083,COOPER,Guernsey,3,saved,40.164905,-81.405149,saved,saved pad reference,1787459253071652,GPS destination only,phone current location,No state-1/2 clipped-route and mobile-handoff receipt is released; use the trusted GPS destination only.,trusted GPS fallback
8a7b9669-169d-45a5-bf55-b9be5cbd51e2,DONNA,Guernsey,3,saved,40.123656,-81.252093,saved,saved pad reference,1787459253071652,GPS destination only,phone current location,No state-1/2 clipped-route and mobile-handoff receipt is released; use the trusted GPS destination only.,trusted GPS fallback
58fd9d03-e992-457e-95d3-6773c8f86b9c,EGGLESTON,Guernsey,3,saved,40.035153,-81.413456,saved,saved pad reference,1786258360881449,GPS destination only,phone current location,No state-1/2 clipped-route and mobile-handoff receipt is released; use the trusted GPS destination only.,trusted GPS fallback
bd2e0e20-8aa8-4e05-a4c0-0af312234853,GIL,Guernsey,3,saved,40.09387,-81.29646,saved,saved pad reference,1786258360881449,GPS destination only,phone current location,No state-1/2 clipped-route and mobile-handoff receipt is released; use the trusted GPS destination only.,trusted GPS fallback
71c9c874-5514-46a4-8d91-b105c6734799,GILCHER,Guernsey,3,saved,40.100079,-81.295657,saved,saved pad reference,1786258360881449,GPS destination only,phone current location,No state-1/2 clipped-route and mobile-handoff receipt is released; use the trusted GPS destination only.,trusted GPS fallback
efb704af-2dc0-4298-81c3-bad2ac13787b,GINGERICH,Guernsey,3,saved,40.091693,-81.326033,saved,saved pad reference,1786265812046205,GPS destination only,phone current location,No state-1/2 clipped-route and mobile-handoff receipt is released; use the trusted GPS destination only.,trusted GPS fallback
4d010be1-39a8-4e4e-8bc8-d2b3337964e8,HENRY,Guernsey,3,saved,40.129593,-81.289909,saved,saved pad reference,1786265812046205,GPS destination only,phone current location,No state-1/2 clipped-route and mobile-handoff receipt is released; use the trusted GPS destination only.,trusted GPS fallback
351b72fb-eb48-4355-b6fc-d8e9a867f79c,HOOP,Guernsey,3,saved,40.166384,-81.325728,saved,saved pad reference,1787459253071652,GPS destination only,phone current location,No state-1/2 clipped-route and mobile-handoff receipt is released; use the trusted GPS destination only.,trusted GPS fallback
8698112a-c3b4-453e-94d0-bcf4b2476cfb,J BARR J,Guernsey,3,saved,40.03226,-81.263847,saved,saved pad reference,1786258360881449,GPS destination only,phone current location,No state-1/2 clipped-route and mobile-handoff receipt is released; use the trusted GPS destination only.,trusted GPS fallback
f80dea77-db11-45f8-b30c-6c6abb85e469,JACKALOPE,Guernsey,3,saved,40.164159,-81.356092,saved,saved pad reference,1786265812046205,GPS destination only,phone current location,No state-1/2 clipped-route and mobile-handoff receipt is released; use the trusted GPS destination only.,trusted GPS fallback
fcbf5085-4ba2-496d-9c20-516e8b52f9bd,JENNINGS,Guernsey,3,saved,40.010991,-81.457719,saved,saved pad reference,1787615581785257,GPS destination only,phone current location,No state-1/2 clipped-route and mobile-handoff receipt is released; use the trusted GPS destination only.,trusted GPS fallback
894fffa5-bd8f-4de6-acea-6296382d9c14,KROBY,Guernsey,3,saved,40.122349,-81.360599,saved,saved pad reference,1786258360881449,GPS destination only,phone current location,No state-1/2 clipped-route and mobile-handoff receipt is released; use the trusted GPS destination only.,trusted GPS fallback
ccf7415a-331b-440a-829d-28282a33cde1,LAKE,Guernsey,3,saved,40.14776,-81.295527,saved,saved pad reference,1786258360881449,GPS destination only,phone current location,No state-1/2 clipped-route and mobile-handoff receipt is released; use the trusted GPS destination only.,trusted GPS fallback
883420b3-07b9-4682-912e-42ba278d1132,LAVADA,Guernsey,3,saved,39.97411,-81.412098,saved,saved pad reference,1786265812046205,GPS destination only,phone current location,No state-1/2 clipped-route and mobile-handoff receipt is released; use the trusted GPS destination only.,trusted GPS fallback
143f5268-33e4-4598-8101-40220b5cfdc4,LAWSON,Guernsey,reviewed_handoff_authority_held,saved,40.124991,-81.295913,saved,saved pad reference,1786258360881449,Navigate reviewed route,phone current location,"A record-bound reviewed handoff exists, but approved graph and public-Google authority remain held.",LAWSON record-bound reviewed handoff
65083627-e1a1-4688-8ed0-d279011963e2,LEILA,Guernsey,3,saved,40.168102,-81.2548,saved,saved pad reference,1787459253071652,GPS destination only,phone current location,No state-1/2 clipped-route and mobile-handoff receipt is released; use the trusted GPS destination only.,trusted GPS fallback
6a46001d-bc61-4cd2-8c30-40e5366aaa69,LINCOLN,Guernsey,3,saved,40.091674,-81.360771,saved,saved pad reference,1786258360881449,GPS destination only,phone current location,No state-1/2 clipped-route and mobile-handoff receipt is released; use the trusted GPS destination only.,trusted GPS fallback
5c4a497e-cf33-48dd-8272-9fd06ebb9e6a,LODGE,Guernsey,3,ODNR wellhead,40.164138,-81.351162,ODNR wellhead,official wellhead reference,1786265812046205,GPS destination only,phone current location,No state-1/2 clipped-route and mobile-handoff receipt is released; use the trusted GPS destination only.,trusted GPS fallback
6d89d217-9479-40ea-ab0e-64937b8cebc6,MILLER FARMS,Guernsey,3,saved,40.174982,-81.380498,saved,saved pad reference,1786265812046205,GPS destination only,phone current location,No state-1/2 clipped-route and mobile-handoff receipt is released; use the trusted GPS destination only.,trusted GPS fallback
fc8a81c6-ccd5-4d1c-9eb6-507f05317688,MOHOROVICH,Guernsey,3,saved,39.951763,-81.374778,saved,saved pad reference,1786265812046205,GPS destination only,phone current location,No state-1/2 clipped-route and mobile-handoff receipt is released; use the trusted GPS destination only.,trusted GPS fallback
24ad118d-5618-49c4-a805-40b137f1ebb6,RABER,Guernsey,3,saved,40.086629,-81.341006,saved,saved pad reference,1786258360881449,GPS destination only,phone current location,No state-1/2 clipped-route and mobile-handoff receipt is released; use the trusted GPS destination only.,trusted GPS fallback
0a2a4a64-6e64-4b7d-9652-e1a97db4fc4f,RECTOR-C,Guernsey,3,saved,39.955552,-81.395087,saved,saved pad reference,1786265812046205,GPS destination only,phone current location,No state-1/2 clipped-route and mobile-handoff receipt is released; use the trusted GPS destination only.,trusted GPS fallback
be83fc24-5c6a-49cd-88a0-52016ca7b657,RED-HILL-FARM,Guernsey,3,saved,40.136541,-81.336794,saved,saved pad reference,1786258360881449,GPS destination only,phone current location,No state-1/2 clipped-route and mobile-handoff receipt is released; use the trusted GPS destination only.,trusted GPS fallback
49621232-da89-4960-b1b2-037a7151b28b,SHIPMAN,Guernsey,3,saved,40.031159,-81.432415,saved,saved pad reference,1786258360881449,GPS destination only,phone current location,No state-1/2 clipped-route and mobile-handoff receipt is released; use the trusted GPS destination only.,trusted GPS fallback
8ed9b8f8-33f6-4701-a4a4-4849d4b8c254,SHUGERT DADDY,Guernsey,3,saved,40.0061875,-81.4118155,saved,saved pad reference,1787459253071652,GPS destination only,phone current location,No reviewed exact public-road sequence is released; use the trusted GPS destination only.,trusted GPS fallback
06ac93a2-3b46-44fd-9fa6-2fd29201858a,SKULL FORK,Guernsey,3,saved,40.159734,-81.260675,saved,verified driver entrance,1787459253071652,GPS destination only,phone current location,No state-1/2 clipped-route and mobile-handoff receipt is released; use the trusted GPS destination only.,trusted GPS fallback
eae4741b-7fb4-4bc3-8b20-26043032acda,SLABAUGH,Guernsey,3,saved,39.95541,-81.4408,saved,saved pad reference,1786265512886177,GPS destination only,phone current location,No state-1/2 clipped-route and mobile-handoff receipt is released; use the trusted GPS destination only.,trusted GPS fallback
90d4f3e4-f0a1-48eb-81f8-ea66ee6c80bb,STELLA,Guernsey,3,saved,40.113555,-81.37761,saved,saved pad reference,1787459253071652,GPS destination only,phone current location,No state-1/2 clipped-route and mobile-handoff receipt is released; use the trusted GPS destination only.,trusted GPS fallback
25dc64b5-4a52-4cef-8b2c-62e7e36d64c7,TARPLEY,Guernsey,3,saved,40.063839,-81.293734,saved,saved pad reference,1786265812046205,GPS destination only,phone current location,No state-1/2 clipped-route and mobile-handoff receipt is released; use the trusted GPS destination only.,trusted GPS fallback
1e898176-672d-4174-8878-4aae0aee2128,THOMAS,Guernsey,3,saved,40.096986,-81.307667,saved,saved pad reference,1786265812046205,GPS destination only,phone current location,No state-1/2 clipped-route and mobile-handoff receipt is released; use the trusted GPS destination only.,trusted GPS fallback
6c93d03a-76e8-4c03-b47e-8b7011c81a1a,TROYER,Guernsey,3,saved,40.087025,-81.259818,saved,saved pad reference,1786258360881449,GPS destination only,phone current location,No state-1/2 clipped-route and mobile-handoff receipt is released; use the trusted GPS destination only.,trusted GPS fallback
07e2e252-8d2b-47b7-a12a-040deecefcae,WAGLER,Guernsey,3,saved,40.164906,-81.308695,saved,saved pad reference,1786258360881449,GPS destination only,phone current location,No state-1/2 clipped-route and mobile-handoff receipt is released; use the trusted GPS destination only.,trusted GPS fallback
c4ef4511-c391-48af-9e1a-7b70b90e9294,WAGNER,Guernsey,3,ODNR pad,40.021181,-81.239429,ODNR pad,official pad reference,1786246617744175,GPS destination only,phone current location,No state-1/2 clipped-route and mobile-handoff receipt is released; use the trusted GPS destination only.,trusted GPS fallback
f8597217-c26a-4b87-aad9-10be70e41590,WALDO,Guernsey,3,saved,40.171589,-81.445777,saved,saved pad reference,1786265812046205,GPS destination only,phone current location,No state-1/2 clipped-route and mobile-handoff receipt is released; use the trusted GPS destination only.,trusted GPS fallback
8e823835-2c10-4275-84e9-4067376fa364,WAMPUM,Guernsey,3,saved,39.962923,-81.440117,saved,saved pad reference,1786258360881449,GPS destination only,phone current location,No state-1/2 clipped-route and mobile-handoff receipt is released; use the trusted GPS destination only.,trusted GPS fallback
88709ded-fda7-42df-ba94-b6bb6c04e45a,WATSON,Guernsey,3,saved,39.963226,-81.362466,saved,saved pad reference,1786265812046205,GPS destination only,phone current location,No state-1/2 clipped-route and mobile-handoff receipt is released; use the trusted GPS destination only.,trusted GPS fallback
5e3668fe-65aa-47b0-b7a9-168686b1827a,ABLE,Harrison,3,ODNR pad,40.300459,-80.98825,ODNR pad,official pad reference,1786258360881449,GPS destination only,phone current location,No reviewed exact public-road sequence is released; use the trusted GPS destination only.,trusted GPS fallback
f84fe2e3-be3f-400d-9683-4d111332fa2b,ACE,Harrison,3,saved,40.280406,-81.068282,saved,saved pad reference,1786265812046205,GPS destination only,phone current location,No state-1/2 clipped-route and mobile-handoff receipt is released; use the trusted GPS destination only.,trusted GPS fallback
9f32ed65-4fb4-4e23-9cf6-87afdb0acb9c,ALPHA,Harrison,3,saved,40.197838,-81.060432,saved,saved pad reference,1786265812046205,GPS destination only,phone current location,No state-1/2 clipped-route and mobile-handoff receipt is released; use the trusted GPS destination only.,trusted GPS fallback
b7526e45-0b33-4988-ae1c-0a4140971f8e,BANJO,Harrison,2,saved,40.186964,-80.968365,saved,verified driver entrance,1787615581785257,Approved roads then GPS,phone current location,The approved OH-519 road core ends at the lease handoff; the final leg to the saved pin is GPS-only.,BANJO frozen OH-519 named approach
39014302-2bd7-4c96-a5f0-0857f99986db,BEACON,Harrison,3,saved,40.228358,-81.038333,saved,saved pad reference,1786258360881449,GPS destination only,phone current location,No state-1/2 clipped-route and mobile-handoff receipt is released; use the trusted GPS destination only.,trusted GPS fallback
0e6f23f1-3bfb-44b0-aa4e-f24dde611880,BEETLE,Harrison,3,saved,40.185403,-80.922718,saved,saved pad reference,1787459253071652,GPS destination only,phone current location,No state-1/2 clipped-route and mobile-handoff receipt is released; use the trusted GPS destination only.,trusted GPS fallback
807ccb15-6f57-4c7a-978d-ab02e7a7c4ba,BELLA,Harrison,3,saved,40.235367,-81.0188,saved,saved pad reference,1786265812046205,GPS destination only,phone current location,No state-1/2 clipped-route and mobile-handoff receipt is released; use the trusted GPS destination only.,trusted GPS fallback
3e03a228-2ad4-4d0a-b3cb-5a25e8d54006,BOUSKA,Harrison,3,saved,40.19661,-81.232275,saved,saved pad reference,1786265512886177,GPS destination only,phone current location,No state-1/2 clipped-route and mobile-handoff receipt is released; use the trusted GPS destination only.,trusted GPS fallback
4c73e244-6132-4d40-83fc-3fe5e6e65bf6,BRAVO,Harrison,3,saved,40.178556,-81.015064,saved,saved pad reference,1786265812046205,GPS destination only,phone current location,No state-1/2 clipped-route and mobile-handoff receipt is released; use the trusted GPS destination only.,trusted GPS fallback
c3b42375-2422-470e-8949-f27e1f00b3d3,BSA,Harrison,3,saved,40.256309,-81.155001,saved,saved pad reference,1786258360881449,GPS destination only,phone current location,No state-1/2 clipped-route and mobile-handoff receipt is released; use the trusted GPS destination only.,trusted GPS fallback
185d9eb6-58af-4009-bf53-fdd23113a572,CARDINAL,Harrison,2,saved,40.215556,-81.135068,saved,saved pad reference,1787459253071652,Approved roads then GPS,phone current location,Approved named public-road approaches end at an exact handoff; the final saved-GPS leg is not approved geometry.,CARDINAL named-approach release
8152a466-3229-4cb0-8f9f-9f2929aceed4,CHARLEY,Harrison,3,ODNR pad,40.22127,-81.053351,ODNR pad,official pad reference,1786265812046205,GPS destination only,phone current location,No state-1/2 clipped-route and mobile-handoff receipt is released; use the trusted GPS destination only.,trusted GPS fallback
b614c93c-06d1-4993-b3fb-ad840f359e4c,COBRA,Harrison,3,saved,40.282608,-81.012491,saved,saved pad reference,1787459253071652,GPS destination only,phone current location,No state-1/2 clipped-route and mobile-handoff receipt is released; use the trusted GPS destination only.,trusted GPS fallback
7c3c39de-f6be-4838-bb7f-56ec8ff44db7,COLLECTORS,Harrison,3,saved,40.265648,-81.120595,saved,saved pad reference,1786258360881449,GPS destination only,phone current location,No state-1/2 clipped-route and mobile-handoff receipt is released; use the trusted GPS destination only.,trusted GPS fallback
e2b32e85-9e93-4388-8215-9d8167cbbeb8,COLOGIE,Harrison,1,saved,40.25403,-80.913577,saved,verified driver entrance,1787615581785257,Reviewed approved route,phone current location,,Cologie exact public route and reviewed Google handoff
95dcbd15-afd0-4357-a521-e23bcd6b4118,CONOTTON,Harrison,2,saved,40.224259,-81.162714,saved,saved pad reference,1786258360881449,Approved roads then GPS,phone current location,Approved named public-road approaches end at an exact handoff; the final saved-GPS leg is not approved geometry.,CONOTTON named-approach release
6ccc2641-82d8-4398-bc7c-572d95cb9f0b,CORDER,Harrison,3,saved,40.26227,-81.137581,saved,saved pad reference,1786258360881449,GPS destination only,phone current location,No state-1/2 clipped-route and mobile-handoff receipt is released; use the trusted GPS destination only.,trusted GPS fallback
4b0b99b7-da77-4b27-a2f7-7e8d3a9875d3,CRAVAT COAL,Harrison,3,saved,40.168593,-80.931288,saved,saved pad reference,1786258360881449,GPS destination only,phone current location,No state-1/2 clipped-route and mobile-handoff receipt is released; use the trusted GPS destination only.,trusted GPS fallback
3a72c3df-f0a1-4639-a468-019989c78f43,CRICKET,Harrison,3,saved,40.221655,-80.881193,saved,saved pad reference,1786265812046205,GPS destination only,phone current location,No state-1/2 clipped-route and mobile-handoff receipt is released; use the trusted GPS destination only.,trusted GPS fallback
a4281545-b928-4130-90c5-1b18d6050717,CYPRESS,Harrison,3,ODNR wellhead,40.230671,-80.986542,ODNR wellhead,official wellhead reference,1786265512886177,GPS destination only,phone current location,No state-1/2 clipped-route and mobile-handoff receipt is released; use the trusted GPS destination only.,trusted GPS fallback
3e3f48e1-40bf-41f4-99f9-6cab7e69d8eb,DOMINO,Harrison,3,ODNR pad,40.230738,-81.023713,ODNR pad,official pad reference,1786265812046205,GPS destination only,phone current location,No state-1/2 clipped-route and mobile-handoff receipt is released; use the trusted GPS destination only.,trusted GPS fallback
bb351070-6c94-45e5-942f-e155f9e86f7e,DUKE,Harrison,3,saved,40.214409,-80.891316,saved,saved pad reference,1786265812046205,GPS destination only,phone current location,No state-1/2 clipped-route and mobile-handoff receipt is released; use the trusted GPS destination only.,trusted GPS fallback
922acc11-2fd1-44a4-8a94-90f653e2ce58,DWAYNE,Harrison,3,saved,40.263022,-80.893276,saved,verified driver entrance,1786258360881449,GPS destination only,phone current location,No state-1/2 clipped-route and mobile-handoff receipt is released; use the trusted GPS destination only.,trusted GPS fallback
83b27fd3-4615-4ea1-ad36-0b05b359f5d2,ECHO,Harrison,3,saved,40.179321,-81.026812,saved,saved pad reference,1786265812046205,GPS destination only,phone current location,No state-1/2 clipped-route and mobile-handoff receipt is released; use the trusted GPS destination only.,trusted GPS fallback
59411ad1-15c6-4c77-88d8-ddd6dc852782,EDINGTON,Harrison,3,saved,40.178626,-81.057008,saved,saved pad reference,1786258360881449,GPS destination only,phone current location,No state-1/2 clipped-route and mobile-handoff receipt is released; use the trusted GPS destination only.,trusted GPS fallback
61e21e3c-360b-40b0-8153-209b4fb3d5eb,ELLEN,Harrison,2,saved,40.227073,-81.148656,saved,saved pad reference,1787459253071652,Approved roads then GPS,phone current location,Approved named public-road approaches end at an exact handoff; the final saved-GPS leg is not approved geometry.,ELLEN named-approach release
8148f6bd-b58f-4a61-81b4-e6018c185fde,FOXTROT,Harrison,3,saved,40.18615,-81.001693,saved,saved pad reference,1786265812046205,GPS destination only,phone current location,No state-1/2 clipped-route and mobile-handoff receipt is released; use the trusted GPS destination only.,trusted GPS fallback
b9a8e55c-3583-4019-85fc-54a03d420ace,HAMILTON,Harrison,2,saved,40.225052,-81.177456,saved,saved pad reference,1786258360881449,Approved roads then GPS,phone current location,Approved named public-road approaches end at an exact handoff; the final saved-GPS leg is not approved geometry.,HAMILTON named-approach release
9aa065c0-8896-49e2-b02d-d4ca71acefc3,JEFFCO,Harrison,3,saved,40.292482,-80.896856,saved,saved pad reference,1786265812046205,GPS destination only,phone current location,No state-1/2 clipped-route and mobile-handoff receipt is released; use the trusted GPS destination only.,trusted GPS fallback
3d8f12eb-538a-49b7-b668-08288e3a26a1,JONES,Harrison,3,saved,40.261571,-81.17006,saved,saved pad reference,1786258360881449,GPS destination only,phone current location,No state-1/2 clipped-route and mobile-handoff receipt is released; use the trusted GPS destination only.,trusted GPS fallback
518659d9-bca2-47b0-b294-3141ba679fc4,LASSO,Harrison,2,saved,40.240883,-80.913963,saved,saved pad reference,1787459253071652,Approved roads then GPS,phone current location,Approved public-road core ends at its exact handoff; the final saved-GPS leg is not approved geometry.,LASSO frozen exact-core destination release
b11e4ded-76d0-403f-8a50-d76c413e5db5,LIGGETT,Harrison,3,saved,40.221926,-80.988679,saved,saved pad reference,1786265812046205,GPS destination only,phone current location,No state-1/2 clipped-route and mobile-handoff receipt is released; use the trusted GPS destination only.,trusted GPS fallback
c7fffd5d-1e83-47c6-8f51-ee9a7ce490e7,MEDINAH,Harrison,3,saved,40.311514,-80.896954,saved,saved pad reference,1787459253071652,GPS destination only,phone current location,No state-1/2 clipped-route and mobile-handoff receipt is released; use the trusted GPS destination only.,trusted GPS fallback
655a97d5-ffdf-4b13-bf66-3d22022239b4,PETTAY,Harrison,2,saved,40.238511,-81.173547,saved,saved pad reference,1787459253071652,Approved roads then GPS,phone current location,Approved named public-road approaches end at an exact handoff; the final saved-GPS leg is not approved geometry.,PETTAY named-approach release
75600d0c-17b8-488b-96c9-4b7b8ffc8b1b,PICKENS,Harrison,3,saved,40.182544,-80.977135,saved,verified driver entrance,1787615581785257,GPS destination only,phone current location,No state-1/2 clipped-route and mobile-handoff receipt is released; use the trusted GPS destination only.,trusted GPS fallback
cce7cf93-bb03-4766-8c54-711034ec2a4f,PINE VALLEY,Harrison,3,saved,40.285899,-80.881753,saved,saved pad reference,1786258360881449,GPS destination only,phone current location,No state-1/2 clipped-route and mobile-handoff receipt is released; use the trusted GPS destination only.,trusted GPS fallback
2320c393-cad9-4c1b-94f9-7021c8488bd1,ROSE,Harrison,3,saved,40.17011544,-81.08306636,saved,saved pad reference,1787459253071652,GPS destination only,phone current location,No state-1/2 clipped-route and mobile-handoff receipt is released; use the trusted GPS destination only.,trusted GPS fallback
166c5d6c-3a8d-4481-b8bf-5d74b7605f0d,SADLER,Harrison,3,saved,40.207568,-80.935841,saved,verified driver entrance,1786440150388625,GPS destination only,phone current location,No state-1/2 clipped-route and mobile-handoff receipt is released; use the trusted GPS destination only.,trusted GPS fallback
6ef0746f-341a-4d29-9399-a81cfbec11e8,SCOUT,Harrison,3,saved,40.165091,-80.903485,saved,saved pad reference,1787615581785257,GPS destination only,phone current location,No state-1/2 clipped-route and mobile-handoff receipt is released; use the trusted GPS destination only.,trusted GPS fallback
9b9ddf20-a551-43c6-a709-0552a3aee134,SHEPORGI,Harrison,3,saved,40.277767,-80.888526,saved,saved pad reference,1786258360881449,GPS destination only,phone current location,No state-1/2 clipped-route and mobile-handoff receipt is released; use the trusted GPS destination only.,trusted GPS fallback
ec0637e2-1673-41c8-9004-cc317a9c9060,SHERWOOD,Harrison,3,saved,40.208184,-81.120811,saved,saved pad reference,1786265812046205,GPS destination only,phone current location,No state-1/2 clipped-route and mobile-handoff receipt is released; use the trusted GPS destination only.,trusted GPS fallback
09d47bdb-8607-4e4b-b558-63bf5266bdd3,SPARGER,Harrison,3,saved,40.251961,-81.139182,saved,saved pad reference,1786258360881449,GPS destination only,phone current location,No state-1/2 clipped-route and mobile-handoff receipt is released; use the trusted GPS destination only.,trusted GPS fallback
f5a82acf-d7c0-4ce3-ad4e-0de810551450,SPROULL,Harrison,2,saved,40.22914,-81.151012,saved,saved pad reference,1786258360881449,Approved roads then GPS,phone current location,Approved named public-road approaches end at an exact handoff; the final saved-GPS leg is not approved geometry.,SPROULL named-approach release
8a41dad0-5602-4a6b-bd04-9bc9cae27941,TARBERT,Harrison,3,saved,40.203776,-81.17709,saved,saved pad reference,1786258360881449,GPS destination only,phone current location,No state-1/2 clipped-route and mobile-handoff receipt is released; use the trusted GPS destination only.,trusted GPS fallback
800c877a-6b4f-4a87-a710-b1e00af63c62,TOWE,Harrison,3,saved,40.385998,-81.212569,saved,verified driver entrance,1786159709605865,GPS destination only,phone current location,No state-1/2 clipped-route and mobile-handoff receipt is released; use the trusted GPS destination only.,trusted GPS fallback
15f62c54-ba3f-4c8d-bf17-2f410c9eb092,TRIPLETT,Harrison,3,saved,40.32084,-81.22495,saved,saved pad reference,1786258360881449,GPS destination only,phone current location,No state-1/2 clipped-route and mobile-handoff receipt is released; use the trusted GPS destination only.,trusted GPS fallback
0b675c3f-2c04-4901-955d-8629e7dba05e,UNA,Harrison,3,saved,40.228835,-80.933934,saved,saved pad reference,1787732756762534,GPS destination only,phone current location,The West Grove lease-end receipt does not approve route geometry or a Google handoff; use the saved GPS destination only.,UNA frozen West Grove lease endpoint plus trusted GPS fallback
c8637048-5fcd-4565-94f0-8dcfce624dd2,VICTOR,Harrison,3,saved,40.016413,-81.189751,saved,saved pad reference,1786258360881449,GPS destination only,phone current location,No state-1/2 clipped-route and mobile-handoff receipt is released; use the trusted GPS destination only.,trusted GPS fallback
7b6efac2-1fa8-46d0-be01-d58ed5762164,VICTORIA,Harrison,3,saved,40.9992946,-81.0666759,saved,saved pad reference,1787459253071652,GPS destination only,phone current location,No state-1/2 clipped-route and mobile-handoff receipt is released; use the trusted GPS destination only.,trusted GPS fallback
2650c579-b317-4cf5-baf4-1456abec1cb8,AMBER,Jefferson,3,saved,40.255469,-80.702589,saved,saved pad reference,1787459253071652,GPS destination only,phone current location,No state-1/2 clipped-route and mobile-handoff receipt is released; use the trusted GPS destination only.,trusted GPS fallback
896e6e84-29b1-493c-b77f-f531153351d0,ARCHIE,Jefferson,3,saved,40.335786,-80.817855,saved,saved pad reference,1787459253071652,GPS destination only,phone current location,No state-1/2 clipped-route and mobile-handoff receipt is released; use the trusted GPS destination only.,trusted GPS fallback
3850e94a-826f-4b6b-a54f-d21d482fca46,ATHENA,Jefferson,3,saved,40.278613,-80.765988,saved,saved pad reference,1787459253071652,GPS destination only,phone current location,No state-1/2 clipped-route and mobile-handoff receipt is released; use the trusted GPS destination only.,trusted GPS fallback
86f059bc-72e2-468c-a93c-f468069d0295,ATLAS,Jefferson,3,saved,40.25091,-80.751329,saved,saved pad reference,1787459253071652,GPS destination only,phone current location,No state-1/2 clipped-route and mobile-handoff receipt is released; use the trusted GPS destination only.,trusted GPS fallback
b6dae008-74d4-4976-9c72-fba7ae349c50,BESECE,Jefferson,3,saved,40.189775,-80.842997,saved,saved pad reference,1787615581785257,GPS destination only,phone current location,No state-1/2 clipped-route and mobile-handoff receipt is released; use the trusted GPS destination only.,trusted GPS fallback
859bb8c8-e902-4085-b089-d0375c28ae6c,BORUM,Jefferson,3,saved,40.290672,-80.85661,saved,saved pad reference,1787459253071652,GPS destination only,phone current location,No state-1/2 clipped-route and mobile-handoff receipt is released; use the trusted GPS destination only.,trusted GPS fallback
45b2cfd7-1936-406d-bf6c-de0b8acc8e88,CECELIA,Jefferson,3,saved,40.282447,-80.756322,saved,saved pad reference,1787459253071652,GPS destination only,phone current location,No state-1/2 clipped-route and mobile-handoff receipt is released; use the trusted GPS destination only.,trusted GPS fallback
2fd33dcc-6dbe-4496-a730-295914cef940,CENA,Jefferson,3,saved,40.346562,-80.770844,saved,saved pad reference,1787459253071652,GPS destination only,phone current location,No state-1/2 clipped-route and mobile-handoff receipt is released; use the trusted GPS destination only.,trusted GPS fallback
3e31e56b-6c85-4f0c-9a38-0554b42581a5,CERMAK,Jefferson,3,saved,40.244707,-80.807728,saved,saved pad reference,1787459253071652,GPS destination only,phone current location,No state-1/2 clipped-route and mobile-handoff receipt is released; use the trusted GPS destination only.,trusted GPS fallback
757f6f6d-b427-4037-829e-9f31847421c8,CESARIO,Jefferson,3,saved,40.198778,-80.784513,saved,saved pad reference,1786258360881449,GPS destination only,phone current location,No state-1/2 clipped-route and mobile-handoff receipt is released; use the trusted GPS destination only.,trusted GPS fallback
0ce3a5b6-b2e0-4daa-b8de-66216c1818fc,CLUB,Jefferson,3,saved,40.220486,-80.852604,saved,saved pad reference,1787459253071652,GPS destination only,phone current location,No state-1/2 clipped-route and mobile-handoff receipt is released; use the trusted GPS destination only.,trusted GPS fallback
6775a5be-1184-441c-a50c-4c51efd86eb1,COLAIANNI,Jefferson,3,saved,40.167723,-80.824732,saved,saved pad reference,1787459253071652,GPS destination only,phone current location,No state-1/2 clipped-route and mobile-handoff receipt is released; use the trusted GPS destination only.,trusted GPS fallback
4f23bc46-4d15-4582-838f-e2ec74f7fe0c,COLLINS,Jefferson,3,saved,40.349789,-80.809605,saved,saved pad reference,1786265812046205,GPS destination only,phone current location,No state-1/2 clipped-route and mobile-handoff receipt is released; use the trusted GPS destination only.,trusted GPS fallback
e70c6c4f-8f0e-480f-8a77-448fcf6d6d9c,CREAMER,Jefferson,3,saved,40.205254,-80.727134,saved,saved pad reference,1787459253071652,GPS destination only,phone current location,No state-1/2 clipped-route and mobile-handoff receipt is released; use the trusted GPS destination only.,trusted GPS fallback
69c4cf2d-f404-48c5-b4a9-08099de4664b,CROSS CREEK,Jefferson,3,saved,40.310116,-80.711596,saved,saved pad reference,1787459253071652,GPS destination only,phone current location,No state-1/2 clipped-route and mobile-handoff receipt is released; use the trusted GPS destination only.,trusted GPS fallback
055798cd-468d-4681-842c-7a53d72f95a8,CROWELL,Jefferson,3,saved,40.33203,-80.83421,saved,saved pad reference,1787459253071652,GPS destination only,phone current location,No state-1/2 clipped-route and mobile-handoff receipt is released; use the trusted GPS destination only.,trusted GPS fallback
2a3415ba-72b0-4125-93c2-06340504bc5e,DALRYMPLE,Jefferson,3,saved,40.253123,-80.860539,saved,saved pad reference,1787459253071652,GPS destination only,phone current location,No state-1/2 clipped-route and mobile-handoff receipt is released; use the trusted GPS destination only.,trusted GPS fallback
95682186-7210-47b5-bd14-2f82ce775515,DARROW,Jefferson,3,saved,40.184639,-80.823008,saved,saved pad reference,1787459253071652,GPS destination only,phone current location,No state-1/2 clipped-route and mobile-handoff receipt is released; use the trusted GPS destination only.,trusted GPS fallback
18befd60-a104-4845-9e35-34a73cb9b109,DAWSON,Jefferson,3,saved,40.280689,-80.808585,saved,saved pad reference,1787459253071652,GPS destination only,phone current location,No state-1/2 clipped-route and mobile-handoff receipt is released; use the trusted GPS destination only.,trusted GPS fallback
18257dbf-d681-46dd-be38-a8e4a6aab56f,DICKSON,Jefferson,3,saved,40.307082,-80.694744,saved,saved pad reference,1787459253071652,GPS destination only,phone current location,No state-1/2 clipped-route and mobile-handoff receipt is released; use the trusted GPS destination only.,trusted GPS fallback
cc6fa7ae-178c-434a-a36a-321a5d326563,DOYEN,Jefferson,3,saved,40.256018,-80.697324,saved,saved pad reference,1787459253071652,GPS destination only,phone current location,No state-1/2 clipped-route and mobile-handoff receipt is released; use the trusted GPS destination only.,trusted GPS fallback
5484ef9c-cc1f-4eca-9527-63d4a64183fb,ELITE,Jefferson,3,saved,40.188588,-80.805198,saved,saved pad reference,1787459253071652,GPS destination only,phone current location,No state-1/2 clipped-route and mobile-handoff receipt is released; use the trusted GPS destination only.,trusted GPS fallback
b17d1649-f569-4bff-87e3-0530138ba511,FALDOWSKI,Jefferson,3,saved,40.217224,-80.808182,saved,saved pad reference,1787459253071652,GPS destination only,phone current location,No state-1/2 clipped-route and mobile-handoff receipt is released; use the trusted GPS destination only.,trusted GPS fallback
d026b46b-5e9b-478c-b59f-fcb9a29d7ed0,FAUNA,Jefferson,3,ODNR wellhead,40.279773,-80.627905,ODNR wellhead,official wellhead reference,1786265812046205,GPS destination only,phone current location,No state-1/2 clipped-route and mobile-handoff receipt is released; use the trusted GPS destination only.,trusted GPS fallback
f9ba8f15-85b3-402f-847b-d3b3d32bfc0a,FERGUSON,Jefferson,3,saved,40.234358,-80.779074,saved,saved pad reference,1787459253071652,GPS destination only,phone current location,No state-1/2 clipped-route and mobile-handoff receipt is released; use the trusted GPS destination only.,trusted GPS fallback
9aba1dc6-2e10-4560-8e16-1a6e87edea30,GABRIEL,Jefferson,3,saved,40.25435,-80.722696,saved,saved pad reference,1787459253071652,GPS destination only,phone current location,No state-1/2 clipped-route and mobile-handoff receipt is released; use the trusted GPS destination only.,trusted GPS fallback
d8602def-c1de-44a3-a38d-2def80ac4ff3,GENO,Jefferson,3,saved,40.276687,-80.817741,saved,saved pad reference,1786265812046205,GPS destination only,phone current location,No state-1/2 clipped-route and mobile-handoff receipt is released; use the trusted GPS destination only.,trusted GPS fallback
4a24f660-f6c9-4b5b-a405-43402c41e365,GIUSTO,Jefferson,3,saved,40.346415,-80.678759,saved,saved pad reference,1786258360881449,GPS destination only,phone current location,No state-1/2 clipped-route and mobile-handoff receipt is released; use the trusted GPS destination only.,trusted GPS fallback
b7e472dd-7102-494f-8114-45c124f4e2bc,GORDON,Jefferson,3,saved,40.315718,-80.716675,saved,saved pad reference,1787459253071652,GPS destination only,phone current location,No state-1/2 clipped-route and mobile-handoff receipt is released; use the trusted GPS destination only.,trusted GPS fallback
74264915-dd02-430f-9e56-e109a5fdff58,GRISWOLD,Jefferson,3,saved,40.31714,-80.801752,saved,saved pad reference,1787459253071652,GPS destination only,phone current location,No state-1/2 clipped-route and mobile-handoff receipt is released; use the trusted GPS destination only.,trusted GPS fallback
656f5543-21fc-4b7b-a541-0497b7fab488,GRYWALSKI,Jefferson,3,saved,40.201238,-80.829907,saved,saved pad reference,1787459253071652,GPS destination only,phone current location,No state-1/2 clipped-route and mobile-handoff receipt is released; use the trusted GPS destination only.,trusted GPS fallback
3c3ef18f-8bca-4c97-af4e-9dce8cf8733b,HAMMOCK,Jefferson,3,saved,40.353166,-80.671297,saved,saved pad reference,1787459253071652,GPS destination only,phone current location,No state-1/2 clipped-route and mobile-handoff receipt is released; use the trusted GPS destination only.,trusted GPS fallback
d5b3f275-6467-4a42-a7fb-f9fda6fd4448,HARR,Jefferson,3,saved,40.158999,-80.768217,saved,saved pad reference,1787459253071652,GPS destination only,phone current location,No state-1/2 clipped-route and mobile-handoff receipt is released; use the trusted GPS destination only.,trusted GPS fallback
2805772b-58c9-4a41-9c75-de5355f2904a,HOWELL,Jefferson,3,saved,40.234171,-80.787957,saved,saved pad reference,1787459253071652,GPS destination only,phone current location,No state-1/2 clipped-route and mobile-handoff receipt is released; use the trusted GPS destination only.,trusted GPS fallback
0d883bcc-a811-4f4d-95aa-ae9a0194f3d0,JACK HAMILTON,Jefferson,3,saved,40.254676,-80.850726,saved,saved pad reference,1787459253071652,GPS destination only,phone current location,No state-1/2 clipped-route and mobile-handoff receipt is released; use the trusted GPS destination only.,trusted GPS fallback
672dc563-2612-47b1-a14b-0b67085318e9,JADE,Jefferson,3,saved,40.268832,-80.764032,saved,saved pad reference,1787459253071652,GPS destination only,phone current location,No state-1/2 clipped-route and mobile-handoff receipt is released; use the trusted GPS destination only.,trusted GPS fallback
83025484-8a55-4e69-a1fb-aa315a6e79f9,KELPIE,Jefferson,3,saved,40.249923,-80.703784,saved,saved pad reference,1787459253071652,GPS destination only,phone current location,No state-1/2 clipped-route and mobile-handoff receipt is released; use the trusted GPS destination only.,trusted GPS fallback
594c10ae-9588-4f9b-80da-9053adef114d,KRINKE,Jefferson,3,saved,40.166701,-80.798244,saved,saved pad reference,1787459253071652,GPS destination only,phone current location,No state-1/2 clipped-route and mobile-handoff receipt is released; use the trusted GPS destination only.,trusted GPS fallback
bead73eb-9f83-4f9d-97ca-fb45b479b317,LORI,Jefferson,3,saved,40.238669,-80.771593,saved,saved pad reference,1787459253071652,GPS destination only,phone current location,No state-1/2 clipped-route and mobile-handoff receipt is released; use the trusted GPS destination only.,trusted GPS fallback
638487d0-2ef4-4e5c-8a16-cbb478c490c6,MARQUARD,Jefferson,3,saved,40.190145,-80.798772,saved,saved pad reference,1787459253071652,GPS destination only,phone current location,No state-1/2 clipped-route and mobile-handoff receipt is released; use the trusted GPS destination only.,trusted GPS fallback
9d90b16d-f53f-4d50-9fc6-e3c045d2580c,MINGO,Jefferson,3,saved,40.323879,-80.745448,saved,saved pad reference,1787459253071652,GPS destination only,phone current location,No state-1/2 clipped-route and mobile-handoff receipt is released; use the trusted GPS destination only.,trusted GPS fallback
f48d9979-961a-456c-a2a6-af18dfea0845,NOELLE,Jefferson,3,saved,40.362018,-80.716719,saved,saved pad reference,1787459253071652,GPS destination only,phone current location,No state-1/2 clipped-route and mobile-handoff receipt is released; use the trusted GPS destination only.,trusted GPS fallback
dc080ad5-27c3-44e9-b4ed-65d19a68cafa,NOLAN,Jefferson,3,saved,40.308658,-80.755504,saved,saved pad reference,1787459253071652,GPS destination only,phone current location,No state-1/2 clipped-route and mobile-handoff receipt is released; use the trusted GPS destination only.,trusted GPS fallback
5428a3b7-c17a-4dd2-9cd9-c0ce3b19a605,OMAITS,Jefferson,3,saved,40.269755,-80.790909,saved,saved pad reference,1787459253071652,GPS destination only,phone current location,No state-1/2 clipped-route and mobile-handoff receipt is released; use the trusted GPS destination only.,trusted GPS fallback
2f7f37b4-c4d6-48df-b670-4abd114465e2,PACKER,Jefferson,3,saved,40.17684,-80.86321,saved,saved pad reference,1786265812046205,GPS destination only,phone current location,No state-1/2 clipped-route and mobile-handoff receipt is released; use the trusted GPS destination only.,trusted GPS fallback
9d48f5ed-d2fb-4dbd-9b43-f4cc3adb719c,PATRIOT,Jefferson,3,saved,40.300765,-80.644606,saved,saved pad reference,1787459253071652,GPS destination only,phone current location,No state-1/2 clipped-route and mobile-handoff receipt is released; use the trusted GPS destination only.,trusted GPS fallback
874fc5f7-fa3c-4efd-8462-efe9e97b2a2f,PEARL,Jefferson,3,saved,40.272776,-80.632975,saved,saved pad reference,1786265812046205,GPS destination only,phone current location,No state-1/2 clipped-route and mobile-handoff receipt is released; use the trusted GPS destination only.,trusted GPS fallback
887512e9-c56f-4357-940c-fd3570f7306a,PHILLIPS,Jefferson,3,saved,40.1649,-80.84443,saved,saved pad reference,1787459253071652,GPS destination only,phone current location,No state-1/2 clipped-route and mobile-handoff receipt is released; use the trusted GPS destination only.,trusted GPS fallback
23d9d5c1-fe94-4b27-81cf-7e981182c933,PIERGALLINI,Jefferson,3,saved,40.270236,-80.815011,saved,saved pad reference,1787459253071652,GPS destination only,phone current location,No state-1/2 clipped-route and mobile-handoff receipt is released; use the trusted GPS destination only.,trusted GPS fallback
a6c3b68e-4f85-4b1d-9f2c-897fa14a36b5,PORCO,Jefferson,3,saved,40.219548,-80.73759,saved,saved pad reference,1787459253071652,GPS destination only,phone current location,No state-1/2 clipped-route and mobile-handoff receipt is released; use the trusted GPS destination only.,trusted GPS fallback
ce1bff99-9c64-435e-a517-e5b8f1a102b7,PUGGLE,Jefferson,3,saved,40.318098,-80.774283,saved,saved pad reference,1787459253071652,GPS destination only,phone current location,No state-1/2 clipped-route and mobile-handoff receipt is released; use the trusted GPS destination only.,trusted GPS fallback
fb3dc329-db70-482a-b3d4-8d6f43e4ef57,RECTOR,Jefferson,3,saved,40.186799,-80.860696,saved,saved pad reference,1787459253071652,GPS destination only,phone current location,No state-1/2 clipped-route and mobile-handoff receipt is released; use the trusted GPS destination only.,trusted GPS fallback
54bbef2d-fc87-4a33-b999-1fec24fc3c62,RILEY,Jefferson,3,ODNR pad,40.167109,-80.821194,ODNR pad,official pad reference,1786246617744175,GPS destination only,phone current location,No state-1/2 clipped-route and mobile-handoff receipt is released; use the trusted GPS destination only.,trusted GPS fallback
5c979547-7519-41b8-9e08-62f5f330fbb6,RONALD,Jefferson,3,saved,40.241391,-80.817798,saved,saved pad reference,1787459253071652,GPS destination only,phone current location,No state-1/2 clipped-route and mobile-handoff receipt is released; use the trusted GPS destination only.,trusted GPS fallback
d7eb406a-8744-4cd3-bb2c-86d3c922669d,ROXY,Jefferson,3,saved,40.324793,-80.747144,saved,saved pad reference,1787459253071652,GPS destination only,phone current location,No state-1/2 clipped-route and mobile-handoff receipt is released; use the trusted GPS destination only.,trusted GPS fallback
7dcd1f71-fa32-4edc-ae3d-aa9717d0c72c,RUTH,Jefferson,3,saved,40.173626,-80.879115,saved,verified driver entrance,1787459253071652,GPS destination only,phone current location,No state-1/2 clipped-route and mobile-handoff receipt is released; use the trusted GPS destination only.,trusted GPS fallback
bbd05a00-7125-49ca-9496-30ab857874b4,SATORI,Jefferson,3,saved,40.262247,-80.734851,saved,saved pad reference,1787459253071652,GPS destination only,phone current location,No state-1/2 clipped-route and mobile-handoff receipt is released; use the trusted GPS destination only.,trusted GPS fallback
229679a2-1711-419d-8b9f-089978c9f5cf,SMITHFIELD,Jefferson,3,saved,40.234965,-80.841444,saved,saved pad reference,1787459253071652,GPS destination only,phone current location,No state-1/2 clipped-route and mobile-handoff receipt is released; use the trusted GPS destination only.,trusted GPS fallback
78b91045-a2ee-42f5-a008-5bb7eb66777a,SPORT,Jefferson,3,saved,40.325738,-80.773014,saved,saved pad reference,1787459253071652,GPS destination only,phone current location,No state-1/2 clipped-route and mobile-handoff receipt is released; use the trusted GPS destination only.,trusted GPS fallback
5b8d00dc-1814-4a38-bda9-1e9d6f1b7ced,STONE,Jefferson,3,saved,40.347579,-80.690543,saved,saved pad reference,1787459253071652,GPS destination only,phone current location,No state-1/2 clipped-route and mobile-handoff receipt is released; use the trusted GPS destination only.,trusted GPS fallback
20f3a681-598a-4e42-87c4-915e68cca777,TANNER,Jefferson,3,saved,40.346529,-80.812857,saved,saved pad reference,1786265812046205,GPS destination only,phone current location,No state-1/2 clipped-route and mobile-handoff receipt is released; use the trusted GPS destination only.,trusted GPS fallback
7eb68543-476e-4da6-a575-b11f1a2702ee,THOMPSON,Jefferson,3,saved,40.276893,-80.830242,saved,saved pad reference,1787459253071652,GPS destination only,phone current location,No state-1/2 clipped-route and mobile-handoff receipt is released; use the trusted GPS destination only.,trusted GPS fallback
e1078190-1832-4c54-a825-bf053959f84b,VINCENT,Jefferson,3,saved,40.169304,-80.827132,saved,saved pad reference,1787459253071652,GPS destination only,phone current location,No state-1/2 clipped-route and mobile-handoff receipt is released; use the trusted GPS destination only.,trusted GPS fallback
6f21fcf3-eceb-4748-884b-c1930c42014e,WILMA,Jefferson,3,saved,40.17523,-80.75489,saved,saved pad reference,1787459253071652,GPS destination only,phone current location,No state-1/2 clipped-route and mobile-handoff receipt is released; use the trusted GPS destination only.,trusted GPS fallback
83801edc-0a49-443b-89c6-1358bcbcc05f,ZEDS,Jefferson,3,saved,40.188171,-80.781848,saved,saved pad reference,1787459253071652,GPS destination only,phone current location,No state-1/2 clipped-route and mobile-handoff receipt is released; use the trusted GPS destination only.,trusted GPS fallback
8e0cd36e-2f51-418a-a61e-8828ef364ead,ZIMNOX,Jefferson,3,saved,40.274498,-80.682359,saved,saved pad reference,1787459253071652,GPS destination only,phone current location,No state-1/2 clipped-route and mobile-handoff receipt is released; use the trusted GPS destination only.,trusted GPS fallback
314652b0-0abb-47cb-a263-88ca23582144,MONROE NORTH,Monroe,3,saved,39.822655,-80.851694,saved,saved pad reference,1787459253071652,GPS destination only,phone current location,No state-1/2 clipped-route and mobile-handoff receipt is released; use the trusted GPS destination only.,trusted GPS fallback
0f848006-4c09-4c7f-b9f2-4743d5ccd37f,ALABASTER,Noble,3,saved,39.753932,-81.340877,saved,verified driver entrance,1786258360881449,GPS destination only,phone current location,No state-1/2 clipped-route and mobile-handoff receipt is released; use the trusted GPS destination only.,trusted GPS fallback
f3a32567-5af8-4c03-be12-f43cda54f45f,BILLY SHERMAN,Noble,3,saved,39.850171,-81.398778,saved,saved pad reference,1786265812046205,GPS destination only,phone current location,No state-1/2 clipped-route and mobile-handoff receipt is released; use the trusted GPS destination only.,trusted GPS fallback
5bcdb090-5758-48e0-911e-638f8dec5a35,DEBASER,Noble,3,saved,39.797375,-81.428418,saved,saved pad reference,1786265812046205,GPS destination only,phone current location,No state-1/2 clipped-route and mobile-handoff receipt is released; use the trusted GPS destination only.,trusted GPS fallback
691fb27b-2b35-471d-81fa-9239f6bd4081,LODESTAR,Noble,3,saved,39.750091,-81.409571,saved,saved pad reference,1786258360881449,GPS destination only,phone current location,No state-1/2 clipped-route and mobile-handoff receipt is released; use the trusted GPS destination only.,trusted GPS fallback
b48399d6-1890-4a19-af28-dba54b28fb55,MATADOR,Noble,3,saved,39.821516,-81.39377,saved,saved pad reference,1786265812046205,GPS destination only,phone current location,No state-1/2 clipped-route and mobile-handoff receipt is released; use the trusted GPS destination only.,trusted GPS fallback
ca1560b5-4ea6-4eb7-a82e-de2467937eb2,MOONSTONE,Noble,3,saved,39.83664,-81.379628,saved,saved pad reference,1786265812046205,GPS destination only,phone current location,No state-1/2 clipped-route and mobile-handoff receipt is released; use the trusted GPS destination only.,trusted GPS fallback
475462f4-7e7a-4432-801c-5e513d5e953f,NORTH STAR,Noble,3,saved,39.739847,-81.420197,saved,saved pad reference,1786258360881449,GPS destination only,phone current location,No state-1/2 clipped-route and mobile-handoff receipt is released; use the trusted GPS destination only.,trusted GPS fallback
588161d4-61ce-4589-a641-370cefef1307,RUBY-OPAL,Noble,3,saved,39.834094,-81.394512,saved,saved pad reference,1786258360881449,GPS destination only,phone current location,No state-1/2 clipped-route and mobile-handoff receipt is released; use the trusted GPS destination only.,trusted GPS fallback
e36bd24b-65a6-42df-a852-998945cbc43c,VAULT,Noble,3,saved,39.811778,-81.400909,saved,saved pad reference,1786265812046205,GPS destination only,phone current location,No state-1/2 clipped-route and mobile-handoff receipt is released; use the trusted GPS destination only.,trusted GPS fallback
0b7ed9a5-7748-4d92-992a-7f2cecf9dd08,WINSTON SMITH,Noble,3,saved,39.752765,-81.396584,saved,saved pad reference,1786258360881449,GPS destination only,phone current location,No state-1/2 clipped-route and mobile-handoff receipt is released; use the trusted GPS destination only.,trusted GPS fallback
