snapshot_id,source_revision,pad_id,legacy_id,pad_name,county,township,record_revision,has_reviewed_directions,has_structured_sequence,selected_destination_source,selected_latitude,selected_longitude,verified_entrance_latitude,verified_entrance_longitude,saved_pad_latitude,saved_pad_longitude,odnr_pad_latitude,odnr_pad_longitude,odnr_wellhead_latitude,odnr_wellhead_longitude,public_google_route,public_google_handoff
098667bf-a39f-4e7b-86e1-0706c882943c,6,48d810bf-e59f-4314-9efb-8103a818a3bd,ascent--albatross,ALBATROSS,Belmont,KIRKWOOD,1786265812046205,true,true,saved_pad_reference,40.079353,-81.224381,,,40.079353,-81.224381,,,,,false,false
098667bf-a39f-4e7b-86e1-0706c882943c,6,12da2a9f-c9ae-467f-abf5-723c31daecfe,ascent--albert,ALBERT,Belmont,KIRKWOOD,1786405417119866,true,true,saved_pad_reference,40.04569,-81.21533,,,40.04569,-81.21533,,,,,false,false
098667bf-a39f-4e7b-86e1-0706c882943c,6,fda8a55c-605d-4fb7-903a-4ec4580e76cd,ascent--albright,ALBRIGHT,Belmont,MEAD,1786258360881449,true,true,saved_pad_reference,39.955006,-80.8312,,,39.955006,-80.8312,,,,,false,false
098667bf-a39f-4e7b-86e1-0706c882943c,6,c2923e5d-882b-44fe-be0c-6f3332cbb54b,ascent--anchor,ANCHOR,Belmont,Flushing,1786265812046205,true,true,official_pad_reference,40.158007,-81.093945,,,,,40.158007,-81.093945,,,false,false
098667bf-a39f-4e7b-86e1-0706c882943c,6,63a3497d-70e9-47a0-8500-00e094a5b871,ascent--antelok,ANTELOK,Belmont,Richland,1787459253071652,true,true,saved_pad_reference,40.043212,-80.900901,,,40.043212,-80.900901,,,,,false,false
098667bf-a39f-4e7b-86e1-0706c882943c,6,fa2d692c-4f3a-4a28-8985-3809c9dbd15d,ascent--axle,AXLE,Belmont,WARREN,1786265812046205,true,true,saved_pad_reference,39.984049,-81.195962,,,39.984049,-81.195962,,,,,false,false
098667bf-a39f-4e7b-86e1-0706c882943c,6,d7898e8c-1bb6-48f8-b5e0-87bc1898420e,ascent--bakos,BAKOS,Belmont,COLERAIN,1787615581785257,true,true,saved_pad_reference,40.151125,-80.852968,,,40.151125,-80.852968,,,,,false,false
098667bf-a39f-4e7b-86e1-0706c882943c,6,333598ca-37b3-4b44-9411-a490cc3da672,ascent--bannock,BANNOCK,Belmont,UNION,1786744183028038,true,true,verified_driver_entrance,40.111003,-81.002932,40.111003,-81.002932,,,,,,,false,false
098667bf-a39f-4e7b-86e1-0706c882943c,6,98eec273-b8aa-49b6-b791-2d53b5f256c6,ascent--bedway,BEDWAY,Belmont,UNION,1786258360881449,true,true,verified_driver_entrance,40.072874,-81.021494,40.072874,-81.021494,,,,,,,false,false
098667bf-a39f-4e7b-86e1-0706c882943c,6,c2c9664b-f853-4ecf-8107-7b5630e69bcf,ascent--bennington,BENNINGTON,Belmont,Smith,1786265812046205,true,true,official_pad_reference,39.982139,-80.914606,,,,,39.982139,-80.914606,,,false,false
098667bf-a39f-4e7b-86e1-0706c882943c,6,f896d00c-da26-41b6-bf5b-e9d91afbdbc6,ascent--blayney,BLAYNEY,Belmont,WHEELING,1787615581785257,true,true,saved_pad_reference,40.115603,-80.992706,,,40.115603,-80.992706,,,,,false,false
098667bf-a39f-4e7b-86e1-0706c882943c,6,456b4e09-b11c-429b-87e2-1b293bfb319c,ascent--blessed,BLESSED,Belmont,RICHLAND,1786265812046205,true,true,saved_pad_reference,40.011526,-80.879811,,,40.011526,-80.879811,,,,,false,false
098667bf-a39f-4e7b-86e1-0706c882943c,6,5056a78d-6965-4cfa-a100-488b80ba5397,ascent--borovich,BOROVICH,Belmont,RICHLAND,1786258360881449,true,true,saved_pad_reference,40.0112,-80.892363,,,40.0112,-80.892363,,,,,false,false
098667bf-a39f-4e7b-86e1-0706c882943c,6,05c3de57-2e9b-4a24-9c5b-59584fbec133,ascent--breeze,BREEZE,Belmont,RICHLAND,1786258360881449,true,true,saved_pad_reference,40.035226,-80.97599,,,40.035226,-80.97599,,,,,false,false
098667bf-a39f-4e7b-86e1-0706c882943c,6,b9d1a8de-2ddd-4345-82a1-7e2a1f6ff2cb,ascent--carlos,CARLOS,Belmont,RICHLAND,1786265812046205,true,true,saved_pad_reference,40.042305,-80.972809,,,40.042305,-80.972809,,,,,false,false
098667bf-a39f-4e7b-86e1-0706c882943c,6,18213b3c-d7a0-4042-b369-c595dce25a9d,ascent--coffield,COFFIELD,Belmont,RICHLAND,1786258360881449,true,true,saved_pad_reference,40.044611,-80.88296,,,40.044611,-80.88296,,,,,false,false
098667bf-a39f-4e7b-86e1-0706c882943c,6,ab964acf-05ac-4e18-b8cd-e5cb3914105c,ascent--coleman,COLEMAN,Belmont,RICHLAND,1787459253071652,true,true,saved_pad_reference,40.07909,-80.93528,,,40.07909,-80.93528,,,,,false,false
098667bf-a39f-4e7b-86e1-0706c882943c,6,4213711f-0f23-440a-b0ec-42a1f9be4db0,ascent--cook,COOK,Belmont,RICHLAND,1786265812046205,true,true,saved_pad_reference,40.002019,-80.875167,,,40.002019,-80.875167,,,,,false,false
098667bf-a39f-4e7b-86e1-0706c882943c,6,23053421-06d5-47a2-bf77-5c3fdea4939b,ascent--cravat-north,CRAVAT NORTH,Belmont,WHEELING,1786258360881449,true,true,saved_pad_reference,40.158191,-80.913312,,,40.158191,-80.913312,,,,,false,false
098667bf-a39f-4e7b-86e1-0706c882943c,6,fba35b8e-ccc6-406b-b27c-ac9ce4eed29d,ascent--crowie,CROWIE,Belmont,RICHLAND,1786265812046205,true,true,verified_driver_entrance,40.0979,-80.9384,40.0979,-80.9384,,,,,,,false,false
098667bf-a39f-4e7b-86e1-0706c882943c,6,fbdb5ee4-38d6-4801-81cc-8ad4abbb24e2,ascent--dutton,DUTTON,Belmont,WHEELING,1787459253071652,true,true,saved_pad_reference,40.150027,-81.017133,,,40.150027,-81.017133,,,,,false,false
098667bf-a39f-4e7b-86e1-0706c882943c,6,6a47931a-4341-4965-9593-cfc3fc3e1c80,ascent--emersyn,EMERSYN,Belmont,RICHLAND,1786258360881449,true,true,verified_driver_entrance,40.089436,-80.996978,40.089436,-80.996978,,,,,,,false,false
098667bf-a39f-4e7b-86e1-0706c882943c,6,a6fafe63-0153-4e09-a931-0da5b65b18ea,ascent--eureka,EUREKA,Belmont,SMITH,1786265812046205,true,true,saved_pad_reference,40.01486,-80.920507,,,40.01486,-80.920507,,,,,false,false
098667bf-a39f-4e7b-86e1-0706c882943c,6,4166a215-45bb-4662-82e2-80bb0184703b,ascent--exeter,EXETER,Belmont,Richland,1786265812046205,true,true,official_pad_reference,40.099352,-80.984043,,,,,40.099352,-80.984043,,,false,false
098667bf-a39f-4e7b-86e1-0706c882943c,6,46b82718-a6ca-437a-a2c6-f50c3f57c552,ascent--ezekiel,EZEKIEL,Belmont,Warren,1787459253071652,false,false,saved_pad_reference,40.005527,-81.207719,,,40.005527,-81.207719,,,,,false,false
098667bf-a39f-4e7b-86e1-0706c882943c,6,f5944b59-285c-4c82-aeba-98b3d1fba4ae,ascent--fleagane,FLEAGANE,Belmont,PULTNEY,1786258360881449,true,true,saved_pad_reference,40.048011,-80.795112,,,40.048011,-80.795112,,,,,false,false
098667bf-a39f-4e7b-86e1-0706c882943c,6,ed1df007-6cd9-4704-9d48-f72209cefa29,ascent--geoflo,GEOFLO,Belmont,WHEELING,1786265812046205,true,true,saved_pad_reference,40.120221,-80.921817,,,40.120221,-80.921817,,,,,false,false
098667bf-a39f-4e7b-86e1-0706c882943c,6,a02e60ee-e32a-4c10-a7c5-b284395159fd,ascent--grand,GRAND,Belmont,Warren,1786265512886177,true,true,official_wellhead_reference,40.013451,-81.160887,,,,,,,40.013451,-81.160887,false,false
098667bf-a39f-4e7b-86e1-0706c882943c,6,f2f82142-f6d8-4f8d-b440-2ff86f624158,ascent--hastings,HASTINGS,Belmont,WHEELING,1786265812046205,true,true,saved_pad_reference,40.163138,-81.021428,,,40.163138,-81.021428,,,,,false,false
098667bf-a39f-4e7b-86e1-0706c882943c,6,952f385d-659a-4f00-80c6-3aff474d5f27,ascent--heller,HELLER,Belmont,MEAD,1786265812046205,true,true,saved_pad_reference,39.974278,-80.887661,,,39.974278,-80.887661,,,,,false,false
098667bf-a39f-4e7b-86e1-0706c882943c,6,036d0ac7-d72e-49e4-a400-ee0a631029e1,ascent--henderson,HENDERSON,Belmont,RICHLAND,1786265812046205,true,true,saved_pad_reference,40.050354,-80.935656,,,40.050354,-80.935656,,,,,false,false
098667bf-a39f-4e7b-86e1-0706c882943c,6,07b566cd-393e-49f6-9547-676438aefc1a,ascent--hindman,HINDMAN,Belmont,Richland,1786246617744175,true,true,official_pad_reference,40.080894,-80.842001,,,,,40.080894,-80.842001,,,false,false
098667bf-a39f-4e7b-86e1-0706c882943c,6,85d74b99-da49-4a5a-aadf-1ce2b461071c,ascent--kaldor,KALDOR,Belmont,MEAD,1786265812046205,true,true,saved_pad_reference,39.976061,-80.838183,,,39.976061,-80.838183,,,,,false,false
098667bf-a39f-4e7b-86e1-0706c882943c,6,947959e6-8297-4b03-b591-25d196e7b1c0,ascent--kasetta,KASETTA,Belmont,York,1786265812046205,true,true,saved_pad_reference,39.92,-80.87,,,39.92,-80.87,,,,,false,false
098667bf-a39f-4e7b-86e1-0706c882943c,6,c09f4dd1-68f9-46d1-90b3-560240550ecd,ascent--kemper,KEMPER,Belmont,Richland,1786265812046205,true,true,saved_pad_reference,39.98664,-80.84253,,,39.98664,-80.84253,,,,,false,false
098667bf-a39f-4e7b-86e1-0706c882943c,6,3d920c70-2910-4b0a-a85a-442cd477802f,ascent--krnyaich,KRNYAICH,Belmont,MEAD,1786258360881449,true,true,saved_pad_reference,39.966783,-80.851178,,,39.966783,-80.851178,,,,,false,false
098667bf-a39f-4e7b-86e1-0706c882943c,6,47a0305e-c641-499b-990c-0f7fe83493b8,ascent--kungle-a,KUNGLE A,Belmont,YORK,1787459253071652,true,true,saved_pad_reference,39.88507,-80.88258,,,39.88507,-80.88258,,,,,false,false
098667bf-a39f-4e7b-86e1-0706c882943c,6,ad5ef012-46f5-46ca-93c7-0f5b492cb201,ascent--kungle-b,KUNGLE B,Belmont,YORK,1786258360881449,true,true,saved_pad_reference,39.88678,-80.87008,,,39.88678,-80.87008,,,,,false,false
098667bf-a39f-4e7b-86e1-0706c882943c,6,83499ca1-3c45-4502-b7c2-688e88343093,ascent--kurth,KURTH,Belmont,RICHLAND,1786258360881449,true,true,saved_pad_reference,40.031709,-80.841961,,,40.031709,-80.841961,,,,,false,false
098667bf-a39f-4e7b-86e1-0706c882943c,6,907c0955-b7c1-47a9-b449-dd5762f2e642,ascent--lee,LEE,Belmont,COLERAIN,1786258360881449,true,true,saved_pad_reference,40.090178,-80.811589,,,40.090178,-80.811589,,,,,false,false
098667bf-a39f-4e7b-86e1-0706c882943c,6,a35f0ea7-13d7-45dd-8fe2-fe73e4964df2,ascent--lorraine,LORRAINE,Belmont,RICHLAND,1786265812046205,true,true,saved_pad_reference,40.09955,-80.840213,,,40.09955,-80.840213,,,,,false,false
098667bf-a39f-4e7b-86e1-0706c882943c,6,8f616827-d7da-4b40-b9c2-49fd5e713822,ascent--maldon,MALDON,Belmont,WARREN,1786265812046205,true,true,saved_pad_reference,40.010241,-81.197285,,,40.010241,-81.197285,,,,,false,false
098667bf-a39f-4e7b-86e1-0706c882943c,6,d6d0a0fd-1cd3-48ae-8e41-90d744b9f8f6,ascent--matusek,MATUSEK,Belmont,WHEELING,1786258360881449,true,true,saved_pad_reference,40.146555,-80.922785,,,40.146555,-80.922785,,,,,false,false
098667bf-a39f-4e7b-86e1-0706c882943c,6,d5722be0-59a2-42ae-baed-4c73efef4df6,ascent--miller,MILLER,Belmont,Pultney,1786265812046205,true,true,saved_pad_reference,39.994185,-80.790537,,,39.994185,-80.790537,,,,,false,false
098667bf-a39f-4e7b-86e1-0706c882943c,6,bf97cbb2-e1bd-485e-b41d-fa314a8f9a0a,ascent--oboy,OBOY,Belmont,COLERAIN,1786258360881449,true,true,saved_pad_reference,40.135262,-80.872088,,,40.135262,-80.872088,,,,,false,false
098667bf-a39f-4e7b-86e1-0706c882943c,6,ac833974-3bda-4370-b7f8-48e4fd4dcdee,ascent--oliver,OLIVER,Belmont,COLERAIN,1787459253071652,true,true,saved_pad_reference,40.141528,-80.796019,,,40.141528,-80.796019,,,,,false,false
098667bf-a39f-4e7b-86e1-0706c882943c,6,74032b6e-179d-4672-8720-55ac86cab232,ascent--pang,PANG,Belmont,WHEELING,1786258360881449,true,true,saved_pad_reference,40.147178,-80.948742,,,40.147178,-80.948742,,,,,false,false
098667bf-a39f-4e7b-86e1-0706c882943c,6,7dd270a8-bd26-413f-b5dc-106fbce8fdd4,ascent--pavich,PAVICH,Belmont,WASHINGTON,1786258360881449,true,true,saved_pad_reference,39.86264,-80.92166,,,39.86264,-80.92166,,,,,false,false
098667bf-a39f-4e7b-86e1-0706c882943c,6,a3d9eb44-0446-4e4d-8917-ee6b978565f4,ascent--pol,POL,Belmont,Pease,1787459253071652,true,true,saved_pad_reference,40.1703,-80.788818,,,40.1703,-80.788818,,,,,false,false
098667bf-a39f-4e7b-86e1-0706c882943c,6,41f0bfc3-7be1-450f-abfc-96dce544547b,ascent--porterfield-b,PORTERFIELD B,Belmont,RICHLAND,1786258360881449,true,true,saved_pad_reference,40.090438,-80.92121,,,40.090438,-80.92121,,,,,false,false
098667bf-a39f-4e7b-86e1-0706c882943c,6,0b7105a0-1b36-4182-8d10-1f2e297c8bab,ascent--porterfield-gas-unit,PORTERFIELD GAS UNIT,Belmont,Richland,1786258360881449,true,true,saved_pad_reference,40.090431,-80.928503,,,40.090431,-80.928503,,,,,false,false
098667bf-a39f-4e7b-86e1-0706c882943c,6,bb597303-aba8-47d6-9503-692687331658,ascent--premiere,PREMIERE,Belmont,Wheeling,1786265512886177,true,true,official_wellhead_reference,40.128496,-81.001952,,,,,,,40.128496,-81.001952,false,false
098667bf-a39f-4e7b-86e1-0706c882943c,6,4408e188-ccb4-40a6-9627-6c7a648fdd49,ascent--prosser-e,PROSSER E,Belmont,UNION,1786265812046205,true,true,saved_pad_reference,40.101534,-81.020914,,,40.101534,-81.020914,,,,,false,false
098667bf-a39f-4e7b-86e1-0706c882943c,6,fd6649db-8828-4f70-8519-8aac5097bfe8,ascent--r-hoover,R HOOVER,Belmont,WHEELING,1786258360881449,true,true,saved_pad_reference,40.144397,-80.892833,,,40.144397,-80.892833,,,,,false,false
098667bf-a39f-4e7b-86e1-0706c882943c,6,b8490b6c-0924-4b1d-a46e-6dc54e7e7267,ascent--reitz,REITZ,Belmont,MEAD,1786265812046205,true,true,saved_pad_reference,39.95176,-80.857579,,,39.95176,-80.857579,,,,,false,false
098667bf-a39f-4e7b-86e1-0706c882943c,6,73f48788-9990-435a-adee-999740e958de,ascent--richland-b,RICHLAND B,Belmont,RICHLAND,1786258360881449,true,true,saved_pad_reference,40.077481,-80.995772,,,40.077481,-80.995772,,,,,false,false
098667bf-a39f-4e7b-86e1-0706c882943c,6,435db86b-8ba5-40e2-a181-252adef649ab,ascent--robinson,ROBINSON,Belmont,Pultney,1787459253071652,true,true,saved_pad_reference,40.014531,-80.770108,,,40.014531,-80.770108,,,,,false,false
098667bf-a39f-4e7b-86e1-0706c882943c,6,19a4f7ef-4334-4b1c-8443-2c5ccb323d1d,ascent--rock-ridge,ROCK RIDGE,Belmont,Warren,1786265812046205,true,true,verified_driver_entrance,39.998772,-81.224825,39.998772,-81.224825,,,,,,,false,false
098667bf-a39f-4e7b-86e1-0706c882943c,6,73e32bb0-be54-47c7-a2bf-3472dd16fd33,ascent--ross,ROSS,Belmont,Wheeling,1786265812046205,true,true,saved_pad_reference,40.105598,-80.954744,,,40.105598,-80.954744,,,,,false,false
098667bf-a39f-4e7b-86e1-0706c882943c,6,553870dd-59f1-43c2-845a-ec8d1c28e136,ascent--schnegg,SCHNEGG,Belmont,YORK,1786258360881449,true,true,saved_pad_reference,39.86371,-80.863685,,,39.86371,-80.863685,,,,,false,false
098667bf-a39f-4e7b-86e1-0706c882943c,6,f68bb21b-696f-4154-9a2f-09a0285984f0,ascent--seabright,SEABRIGHT,Belmont,COLERAIN,1786265812046205,true,true,saved_pad_reference,40.105655,-80.802137,,,40.105655,-80.802137,,,,,false,false
098667bf-a39f-4e7b-86e1-0706c882943c,6,69c63442-de05-4d15-95da-07da587bc070,ascent--shutway,SHUTWAY,Belmont,Union,1787615581785257,true,true,saved_pad_reference,40.113559,-81.076149,,,40.113559,-81.076149,,,,,false,false
098667bf-a39f-4e7b-86e1-0706c882943c,6,5a0ede1b-4586-4edc-9438-7cb29a24e58e,ascent--sidwell,SIDWELL,Belmont,WHEELING,1787459253071652,true,true,saved_pad_reference,40.146316,-80.979282,,,40.146316,-80.979282,,,,,false,false
098667bf-a39f-4e7b-86e1-0706c882943c,6,7997ba1f-ec1f-4e2f-a67f-8d36837aca67,ascent--skyline,SKYLINE,Belmont,Wheeling,1787459253071652,true,true,official_pad_reference,40.163318,-81.007131,,,,,40.163318,-81.007131,,,false,false
098667bf-a39f-4e7b-86e1-0706c882943c,6,59d66423-1e09-4ac8-b2ab-ae2d06d11f12,ascent--smith,SMITH,Belmont,COLERAIN,1786265812046205,true,true,saved_pad_reference,40.112328,-80.81926,,,40.112328,-80.81926,,,,,false,false
098667bf-a39f-4e7b-86e1-0706c882943c,6,160d3e78-8db6-44dd-8b2c-4bdeb0f678b9,ascent--sophia-joe,SOPHIA JOE,Belmont,COLERAIN,1786258360881449,true,true,saved_pad_reference,40.125229,-80.856075,,,40.125229,-80.856075,,,,,false,false
098667bf-a39f-4e7b-86e1-0706c882943c,6,d70f5f1d-7f44-4a5e-9b05-06264f56470d,ascent--three-dads,THREE DADS,Belmont,RICHLAND,1786265812046205,true,true,saved_pad_reference,40.099252,-80.855031,,,40.099252,-80.855031,,,,,false,false
098667bf-a39f-4e7b-86e1-0706c882943c,6,cd4f6dcc-b603-4155-84b2-30d7ee87bbc7,ascent--truchan-ne,TRUCHAN NE,Belmont,WHEELING,1786258360881449,true,true,saved_pad_reference,40.146637,-80.931651,,,40.146637,-80.931651,,,,,false,false
098667bf-a39f-4e7b-86e1-0706c882943c,6,c10e2066-d6b7-4117-aea9-137dd1237b3a,ascent--truchan-nw,TRUCHAN NW,Belmont,WHEELING,1786258360881449,true,true,saved_pad_reference,40.147814,-80.935886,,,40.147814,-80.935886,,,,,false,false
098667bf-a39f-4e7b-86e1-0706c882943c,6,ce5d219e-1d2c-47c8-b921-3f2abfe45c5d,ascent--vannelle,VANNELLE,Belmont,WHEELING,1786258360881449,true,true,saved_pad_reference,40.14744,-80.961696,,,40.14744,-80.961696,,,,,false,false
098667bf-a39f-4e7b-86e1-0706c882943c,6,55f7328d-0da2-430d-8ecb-89ad91260f61,ascent--violet,VIOLET,Belmont,PULTNEY,1786265812046205,true,true,saved_pad_reference,40.014235,-80.793111,,,40.014235,-80.793111,,,,,false,false
098667bf-a39f-4e7b-86e1-0706c882943c,6,a26bd78e-5be2-4484-908e-3df512de2296,ascent--wassmann,WASSMANN,Belmont,PULTNEY,1786265812046205,true,true,saved_pad_reference,39.991086,-80.787849,,,39.991086,-80.787849,,,,,false,false
098667bf-a39f-4e7b-86e1-0706c882943c,6,ebe8e078-ab41-4151-84fb-4186772b4a07,ascent--west,WEST,Belmont,YORK,1786265812046205,true,true,saved_pad_reference,39.92022,-80.86322,,,39.92022,-80.86322,,,,,false,false
098667bf-a39f-4e7b-86e1-0706c882943c,6,25dc9adf-e09a-4cfa-8900-59492fbad0ec,ascent--wheeling-valley,WHEELING VALLEY,Belmont,WHEELING,1786258360881449,true,true,saved_pad_reference,40.153061,-80.923517,,,40.153061,-80.923517,,,,,false,false
098667bf-a39f-4e7b-86e1-0706c882943c,6,f90abbf8-d7a6-4437-9668-23aadb80eeef,ascent--wise,WISE,Belmont,PULTNEY,1787459253071652,true,true,saved_pad_reference,40.046772,-80.782373,,,40.046772,-80.782373,,,,,false,false
098667bf-a39f-4e7b-86e1-0706c882943c,6,f2df293f-13a2-401e-96b2-21e71ac63e6a,ascent--withey,WITHEY,Belmont,Warren,1786246617744175,true,true,verified_driver_entrance,39.962005,-81.216813,39.962005,-81.216813,,,,,,,false,false
098667bf-a39f-4e7b-86e1-0706c882943c,6,a2e0fe73-db17-44fd-86ce-5a0759971607,ascent--wright,WRIGHT,Belmont,RICHLAND,1786265812046205,true,true,saved_pad_reference,40.006933,-80.845086,,,40.006933,-80.845086,,,,,false,false
098667bf-a39f-4e7b-86e1-0706c882943c,6,81b842b1-9f67-4be4-b94f-7a2ae402b740,ascent--atmos,ATMOS,Guernsey,OXFORD,1786258360881449,true,true,saved_pad_reference,40.05752,-81.265294,,,40.05752,-81.265294,,,,,false,false
098667bf-a39f-4e7b-86e1-0706c882943c,6,0b76ebf9-8ed9-46a7-957d-12c2617d61df,ascent--ayers,AYERS,Guernsey,Madison,1786265512886177,true,true,saved_pad_reference,40.111221,-81.394485,,,40.111221,-81.394485,,,,,false,false
098667bf-a39f-4e7b-86e1-0706c882943c,6,6a76157e-c1c5-4624-bdf3-db996ed3aebd,ascent--betts,BETTS,Guernsey,LONDONDERRY,1786258360881449,true,true,saved_pad_reference,40.105342,-81.260282,,,40.105342,-81.260282,,,,,false,false
098667bf-a39f-4e7b-86e1-0706c882943c,6,59061829-1122-4aae-872d-cf5024310373,ascent--bilinovich,BILINOVICH,Guernsey,LONDONDERRY,1786258360881449,true,true,saved_pad_reference,40.08863,-81.304164,,,40.08863,-81.304164,,,,,false,false
098667bf-a39f-4e7b-86e1-0706c882943c,6,0dc102c5-1640-47bf-9975-736cf684c227,ascent--brown,BROWN,Guernsey,Washington,1786265812046205,true,true,official_pad_reference,40.182389,-81.413411,,,,,40.182389,-81.413411,,,false,false
098667bf-a39f-4e7b-86e1-0706c882943c,6,58c94af4-32b1-4f80-a278-a5f73688fa23,ascent--caston,CASTON,Guernsey,LONDONDERRY,1786258360881449,true,true,saved_pad_reference,40.130458,-81.328059,,,40.130458,-81.328059,,,,,false,false
098667bf-a39f-4e7b-86e1-0706c882943c,6,b22c557a-950a-4ed7-a65a-f4730b9bc727,ascent--circle-oaks,CIRCLE-OAKS,Guernsey,Washington,1787459253071652,true,true,verified_driver_entrance,40.176413,-81.34877,40.176413,-81.34877,,,,,,,false,false
098667bf-a39f-4e7b-86e1-0706c882943c,6,57e1d8d2-0d6c-481f-881d-1839a72a037b,ascent--coad,COAD,Guernsey,OXFORD,1786258360881449,true,true,saved_pad_reference,40.033571,-81.258135,,,40.033571,-81.258135,,,,,false,false
098667bf-a39f-4e7b-86e1-0706c882943c,6,852a50cf-855e-4ebc-96db-19edd085b083,ascent--cooper,COOPER,Guernsey,Washington,1787459253071652,true,true,saved_pad_reference,40.164905,-81.405149,,,40.164905,-81.405149,,,,,false,false
098667bf-a39f-4e7b-86e1-0706c882943c,6,8a7b9669-169d-45a5-bf55-b9be5cbd51e2,ascent--donna,DONNA,Guernsey,LONDONDERRY,1787459253071652,true,true,saved_pad_reference,40.123656,-81.252093,,,40.123656,-81.252093,,,,,false,false
098667bf-a39f-4e7b-86e1-0706c882943c,6,58fd9d03-e992-457e-95d3-6773c8f86b9c,ascent--eggleston,EGGLESTON,Guernsey,WILLS,1786258360881449,true,true,saved_pad_reference,40.035153,-81.413456,,,40.035153,-81.413456,,,,,false,false
098667bf-a39f-4e7b-86e1-0706c882943c,6,bd2e0e20-8aa8-4e05-a4c0-0af312234853,ascent--gil,GIL,Guernsey,LONDONDERRY,1786258360881449,true,true,saved_pad_reference,40.09387,-81.29646,,,40.09387,-81.29646,,,,,false,false
098667bf-a39f-4e7b-86e1-0706c882943c,6,71c9c874-5514-46a4-8d91-b105c6734799,ascent--gilcher,GILCHER,Guernsey,LONDONDERRY,1786258360881449,true,true,saved_pad_reference,40.100079,-81.295657,,,40.100079,-81.295657,,,,,false,false
098667bf-a39f-4e7b-86e1-0706c882943c,6,efb704af-2dc0-4298-81c3-bad2ac13787b,ascent--gingerich,GINGERICH,Guernsey,LONDONDERRY,1786265812046205,true,true,saved_pad_reference,40.091693,-81.326033,,,40.091693,-81.326033,,,,,false,false
098667bf-a39f-4e7b-86e1-0706c882943c,6,4d010be1-39a8-4e4e-8bc8-d2b3337964e8,ascent--henry,HENRY,Guernsey,LONDONDERRY,1786265812046205,true,true,saved_pad_reference,40.129593,-81.289909,,,40.129593,-81.289909,,,,,false,false
098667bf-a39f-4e7b-86e1-0706c882943c,6,351b72fb-eb48-4355-b6fc-d8e9a867f79c,ascent--hoop,HOOP,Guernsey,LONDONDERRY,1787459253071652,true,true,saved_pad_reference,40.166384,-81.325728,,,40.166384,-81.325728,,,,,false,false
098667bf-a39f-4e7b-86e1-0706c882943c,6,8698112a-c3b4-453e-94d0-bcf4b2476cfb,ascent--j-barr-j,J BARR J,Guernsey,OXFORD,1786258360881449,true,true,saved_pad_reference,40.03226,-81.263847,,,40.03226,-81.263847,,,,,false,false
098667bf-a39f-4e7b-86e1-0706c882943c,6,f80dea77-db11-45f8-b30c-6c6abb85e469,ascent--jackalope,JACKALOPE,Guernsey,WASHINGTON,1786265812046205,true,true,saved_pad_reference,40.164159,-81.356092,,,40.164159,-81.356092,,,,,false,false
098667bf-a39f-4e7b-86e1-0706c882943c,6,fcbf5085-4ba2-496d-9c20-516e8b52f9bd,ascent--jennings,JENNINGS,Guernsey,WILLS,1787615581785257,true,true,saved_pad_reference,40.010991,-81.457719,,,40.010991,-81.457719,,,,,false,false
098667bf-a39f-4e7b-86e1-0706c882943c,6,894fffa5-bd8f-4de6-acea-6296382d9c14,ascent--kroby,KROBY,Guernsey,MADISON,1786258360881449,true,true,saved_pad_reference,40.122349,-81.360599,,,40.122349,-81.360599,,,,,false,false
098667bf-a39f-4e7b-86e1-0706c882943c,6,ccf7415a-331b-440a-829d-28282a33cde1,ascent--lake,LAKE,Guernsey,LONDONDERRY,1786258360881449,true,true,saved_pad_reference,40.14776,-81.295527,,,40.14776,-81.295527,,,,,false,false
098667bf-a39f-4e7b-86e1-0706c882943c,6,883420b3-07b9-4682-912e-42ba278d1132,ascent--lavada,LAVADA,Guernsey,RICHLAND,1786265812046205,true,true,saved_pad_reference,39.97411,-81.412098,,,39.97411,-81.412098,,,,,false,false
098667bf-a39f-4e7b-86e1-0706c882943c,6,143f5268-33e4-4598-8101-40220b5cfdc4,ascent--lawson,LAWSON,Guernsey,LONDONDERRY,1786258360881449,true,true,saved_pad_reference,40.124991,-81.295913,,,40.124991,-81.295913,,,,,false,false
098667bf-a39f-4e7b-86e1-0706c882943c,6,65083627-e1a1-4688-8ed0-d279011963e2,ascent--leila,LEILA,Guernsey,Lnd,1787459253071652,true,true,saved_pad_reference,40.168102,-81.2548,,,40.168102,-81.2548,,,,,false,false
098667bf-a39f-4e7b-86e1-0706c882943c,6,6a46001d-bc61-4cd2-8c30-40e5366aaa69,ascent--lincoln,LINCOLN,Guernsey,MADISON,1786258360881449,true,true,saved_pad_reference,40.091674,-81.360771,,,40.091674,-81.360771,,,,,false,false
098667bf-a39f-4e7b-86e1-0706c882943c,6,5c4a497e-cf33-48dd-8272-9fd06ebb9e6a,ascent--lodge,LODGE,Guernsey,Washington,1786265812046205,true,true,official_wellhead_reference,40.164138,-81.351162,,,,,,,40.164138,-81.351162,false,false
098667bf-a39f-4e7b-86e1-0706c882943c,6,6d89d217-9479-40ea-ab0e-64937b8cebc6,ascent--miller-farms,MILLER FARMS,Guernsey,WASHINGTON,1786265812046205,true,true,saved_pad_reference,40.174982,-81.380498,,,40.174982,-81.380498,,,,,false,false
098667bf-a39f-4e7b-86e1-0706c882943c,6,fc8a81c6-ccd5-4d1c-9eb6-507f05317688,ascent--mohorovich,MOHOROVICH,Guernsey,RICHLAND,1786265812046205,true,true,saved_pad_reference,39.951763,-81.374778,,,39.951763,-81.374778,,,,,false,false
098667bf-a39f-4e7b-86e1-0706c882943c,6,24ad118d-5618-49c4-a805-40b137f1ebb6,ascent--raber,RABER,Guernsey,LONDONDERRY,1786258360881449,true,true,saved_pad_reference,40.086629,-81.341006,,,40.086629,-81.341006,,,,,false,false
098667bf-a39f-4e7b-86e1-0706c882943c,6,0a2a4a64-6e64-4b7d-9652-e1a97db4fc4f,ascent--rector-c,RECTOR-C,Guernsey,RICHLAND,1786265812046205,true,true,saved_pad_reference,39.955552,-81.395087,,,39.955552,-81.395087,,,,,false,false
098667bf-a39f-4e7b-86e1-0706c882943c,6,be83fc24-5c6a-49cd-88a0-52016ca7b657,ascent--red-hill-farm,RED-HILL-FARM,Guernsey,LONDONDERRY,1786258360881449,true,true,saved_pad_reference,40.136541,-81.336794,,,40.136541,-81.336794,,,,,false,false
098667bf-a39f-4e7b-86e1-0706c882943c,6,49621232-da89-4960-b1b2-037a7151b28b,ascent--shipman,SHIPMAN,Guernsey,WILLS,1786258360881449,true,true,saved_pad_reference,40.031159,-81.432415,,,40.031159,-81.432415,,,,,false,false
098667bf-a39f-4e7b-86e1-0706c882943c,6,8ed9b8f8-33f6-4701-a4a4-4849d4b8c254,ascent--shugert-daddy,SHUGERT DADDY,Guernsey,Wills,1787459253071652,false,false,saved_pad_reference,40.0061875,-81.4118155,,,40.0061875,-81.4118155,,,,,false,false
098667bf-a39f-4e7b-86e1-0706c882943c,6,06ac93a2-3b46-44fd-9fa6-2fd29201858a,ascent--skull-fork,SKULL FORK,Guernsey,Londonderry,1787459253071652,true,true,verified_driver_entrance,40.159734,-81.260675,40.159734,-81.260675,,,,,,,false,false
098667bf-a39f-4e7b-86e1-0706c882943c,6,eae4741b-7fb4-4bc3-8b20-26043032acda,ascent--slabaugh,SLABAUGH,Guernsey,Richland,1786265512886177,true,true,saved_pad_reference,39.95541,-81.4408,,,39.95541,-81.4408,,,,,false,false
098667bf-a39f-4e7b-86e1-0706c882943c,6,90d4f3e4-f0a1-48eb-81f8-ea66ee6c80bb,ascent--stella,STELLA,Guernsey,Madison,1787459253071652,true,true,saved_pad_reference,40.113555,-81.37761,,,40.113555,-81.37761,,,,,false,false
098667bf-a39f-4e7b-86e1-0706c882943c,6,25dc64b5-4a52-4cef-8b2c-62e7e36d64c7,ascent--tarpley,TARPLEY,Guernsey,OXFORD,1786265812046205,true,true,saved_pad_reference,40.063839,-81.293734,,,40.063839,-81.293734,,,,,false,false
098667bf-a39f-4e7b-86e1-0706c882943c,6,1e898176-672d-4174-8878-4aae0aee2128,ascent--thomas,THOMAS,Guernsey,LONDONDERRY,1786265812046205,true,true,saved_pad_reference,40.096986,-81.307667,,,40.096986,-81.307667,,,,,false,false
098667bf-a39f-4e7b-86e1-0706c882943c,6,6c93d03a-76e8-4c03-b47e-8b7011c81a1a,ascent--troyer,TROYER,Guernsey,LONDONDERRY,1786258360881449,true,true,saved_pad_reference,40.087025,-81.259818,,,40.087025,-81.259818,,,,,false,false
098667bf-a39f-4e7b-86e1-0706c882943c,6,07e2e252-8d2b-47b7-a12a-040deecefcae,ascent--wagler,WAGLER,Guernsey,LONDONDERRY,1786258360881449,true,true,saved_pad_reference,40.164906,-81.308695,,,40.164906,-81.308695,,,,,false,false
098667bf-a39f-4e7b-86e1-0706c882943c,6,c4ef4511-c391-48af-9e1a-7b70b90e9294,ascent--wagner,WAGNER,Guernsey,Oxford,1786246617744175,true,true,official_pad_reference,40.021181,-81.239429,,,,,40.021181,-81.239429,,,false,false
098667bf-a39f-4e7b-86e1-0706c882943c,6,f8597217-c26a-4b87-aad9-10be70e41590,ascent--waldo,WALDO,Guernsey,MONROE,1786265812046205,true,true,saved_pad_reference,40.171589,-81.445777,,,40.171589,-81.445777,,,,,false,false
098667bf-a39f-4e7b-86e1-0706c882943c,6,8e823835-2c10-4275-84e9-4067376fa364,ascent--wampum,WAMPUM,Guernsey,RICHLAND,1786258360881449,true,true,saved_pad_reference,39.962923,-81.440117,,,39.962923,-81.440117,,,,,false,false
098667bf-a39f-4e7b-86e1-0706c882943c,6,88709ded-fda7-42df-ba94-b6bb6c04e45a,ascent--watson,WATSON,Guernsey,MILLWOOD,1786265812046205,true,true,saved_pad_reference,39.963226,-81.362466,,,39.963226,-81.362466,,,,,false,false
098667bf-a39f-4e7b-86e1-0706c882943c,6,5e3668fe-65aa-47b0-b7a9-168686b1827a,ascent--able,ABLE,Harrison,Archer,1786258360881449,false,false,official_pad_reference,40.300459,-80.98825,,,,,40.300459,-80.98825,,,false,false
098667bf-a39f-4e7b-86e1-0706c882943c,6,f84fe2e3-be3f-400d-9683-4d111332fa2b,ascent--ace,ACE,Harrison,CADIZ,1786265812046205,true,true,saved_pad_reference,40.280406,-81.068282,,,40.280406,-81.068282,,,,,false,false
098667bf-a39f-4e7b-86e1-0706c882943c,6,9f32ed65-4fb4-4e23-9cf6-87afdb0acb9c,ascent--alpha,ALPHA,Harrison,ATHENS,1786265812046205,true,true,saved_pad_reference,40.197838,-81.060432,,,40.197838,-81.060432,,,,,false,false
098667bf-a39f-4e7b-86e1-0706c882943c,6,b7526e45-0b33-4988-ae1c-0a4140971f8e,ascent--banjo,BANJO,Harrison,SHORT CREEK,1787615581785257,true,true,verified_driver_entrance,40.186964,-80.968365,40.186964,-80.968365,,,,,,,false,false
098667bf-a39f-4e7b-86e1-0706c882943c,6,39014302-2bd7-4c96-a5f0-0857f99986db,ascent--beacon,BEACON,Harrison,CADIZ,1786258360881449,true,true,saved_pad_reference,40.228358,-81.038333,,,40.228358,-81.038333,,,,,false,false
098667bf-a39f-4e7b-86e1-0706c882943c,6,0e6f23f1-3bfb-44b0-aa4e-f24dde611880,ascent--beetle,BEETLE,Harrison,SHORT CREEK,1787459253071652,true,true,saved_pad_reference,40.185403,-80.922718,,,40.185403,-80.922718,,,,,false,false
098667bf-a39f-4e7b-86e1-0706c882943c,6,807ccb15-6f57-4c7a-978d-ab02e7a7c4ba,ascent--bella,BELLA,Harrison,CADIZ,1786265812046205,true,true,saved_pad_reference,40.235367,-81.0188,,,40.235367,-81.0188,,,,,false,false
098667bf-a39f-4e7b-86e1-0706c882943c,6,3e03a228-2ad4-4d0a-b3cb-5a25e8d54006,ascent--bouska,BOUSKA,Harrison,Freeport,1786265512886177,true,true,saved_pad_reference,40.19661,-81.232275,,,40.19661,-81.232275,,,,,false,false
098667bf-a39f-4e7b-86e1-0706c882943c,6,4c73e244-6132-4d40-83fc-3fe5e6e65bf6,ascent--bravo,BRAVO,Harrison,ATHENS,1786265812046205,true,true,saved_pad_reference,40.178556,-81.015064,,,40.178556,-81.015064,,,,,false,false
098667bf-a39f-4e7b-86e1-0706c882943c,6,c3b42375-2422-470e-8949-f27e1f00b3d3,ascent--bsa,BSA,Harrison,NOTTINGHAM,1786258360881449,true,true,saved_pad_reference,40.256309,-81.155001,,,40.256309,-81.155001,,,,,false,false
098667bf-a39f-4e7b-86e1-0706c882943c,6,185d9eb6-58af-4009-bf53-fdd23113a572,ascent--cardinal,CARDINAL,Harrison,Moorefield,1787459253071652,true,true,saved_pad_reference,40.215556,-81.135068,,,40.215556,-81.135068,,,,,false,false
098667bf-a39f-4e7b-86e1-0706c882943c,6,8152a466-3229-4cb0-8f9f-9f2929aceed4,ascent--charley,CHARLEY,Harrison,Athens,1786265812046205,true,true,official_pad_reference,40.22127,-81.053351,,,,,40.22127,-81.053351,,,false,false
098667bf-a39f-4e7b-86e1-0706c882943c,6,b614c93c-06d1-4993-b3fb-ad840f359e4c,ascent--cobra,COBRA,Harrison,CADIZ,1787459253071652,true,true,saved_pad_reference,40.282608,-81.012491,,,40.282608,-81.012491,,,,,false,false
098667bf-a39f-4e7b-86e1-0706c882943c,6,7c3c39de-f6be-4838-bb7f-56ec8ff44db7,ascent--collectors,COLLECTORS,Harrison,NOTTINGHAM,1786258360881449,true,true,saved_pad_reference,40.265648,-81.120595,,,40.265648,-81.120595,,,,,false,false
098667bf-a39f-4e7b-86e1-0706c882943c,6,e2b32e85-9e93-4388-8215-9d8167cbbeb8,ascent--cologie,COLOGIE,Harrison,Green,1787615581785257,true,true,verified_driver_entrance,40.25403,-80.913577,40.25403,-80.913577,,,,,,,true,true
098667bf-a39f-4e7b-86e1-0706c882943c,6,95dcbd15-afd0-4357-a521-e23bcd6b4118,ascent--conotton,CONOTTON,Harrison,MOOREFIELD,1786258360881449,true,true,saved_pad_reference,40.224259,-81.162714,,,40.224259,-81.162714,,,,,false,false
098667bf-a39f-4e7b-86e1-0706c882943c,6,6ccc2641-82d8-4398-bc7c-572d95cb9f0b,ascent--corder,CORDER,Harrison,NOTTINGHAM,1786258360881449,true,true,saved_pad_reference,40.26227,-81.137581,,,40.26227,-81.137581,,,,,false,false
098667bf-a39f-4e7b-86e1-0706c882943c,6,4b0b99b7-da77-4b27-a2f7-7e8d3a9875d3,ascent--cravat-coal,CRAVAT COAL,Harrison,SHORT CREEK,1786258360881449,true,true,saved_pad_reference,40.168593,-80.931288,,,40.168593,-80.931288,,,,,false,false
098667bf-a39f-4e7b-86e1-0706c882943c,6,3a72c3df-f0a1-4639-a468-019989c78f43,ascent--cricket,CRICKET,Harrison,SHORT CREEK,1786265812046205,true,true,saved_pad_reference,40.221655,-80.881193,,,40.221655,-80.881193,,,,,false,false
098667bf-a39f-4e7b-86e1-0706c882943c,6,a4281545-b928-4130-90c5-1b18d6050717,ascent--cypress,CYPRESS,Harrison,Cadiz,1786265512886177,true,true,official_wellhead_reference,40.230671,-80.986542,,,,,,,40.230671,-80.986542,false,false
098667bf-a39f-4e7b-86e1-0706c882943c,6,3e3f48e1-40bf-41f4-99f9-6cab7e69d8eb,ascent--domino,DOMINO,Harrison,Cadiz,1786265812046205,true,true,official_pad_reference,40.230738,-81.023713,,,,,40.230738,-81.023713,,,false,false
098667bf-a39f-4e7b-86e1-0706c882943c,6,bb351070-6c94-45e5-942f-e155f9e86f7e,ascent--duke,DUKE,Harrison,SHORT CREEK,1786265812046205,true,true,saved_pad_reference,40.214409,-80.891316,,,40.214409,-80.891316,,,,,false,false
098667bf-a39f-4e7b-86e1-0706c882943c,6,922acc11-2fd1-44a4-8a94-90f653e2ce58,ascent--dwayne,DWAYNE,Harrison,GREEN,1786258360881449,true,true,verified_driver_entrance,40.263022,-80.893276,40.263022,-80.893276,,,,,,,false,false
098667bf-a39f-4e7b-86e1-0706c882943c,6,83b27fd3-4615-4ea1-ad36-0b05b359f5d2,ascent--echo,ECHO,Harrison,ATHENS,1786265812046205,true,true,saved_pad_reference,40.179321,-81.026812,,,40.179321,-81.026812,,,,,false,false
098667bf-a39f-4e7b-86e1-0706c882943c,6,59411ad1-15c6-4c77-88d8-ddd6dc852782,ascent--edington,EDINGTON,Harrison,ATHENS,1786258360881449,true,true,saved_pad_reference,40.178626,-81.057008,,,40.178626,-81.057008,,,,,false,false
098667bf-a39f-4e7b-86e1-0706c882943c,6,61e21e3c-360b-40b0-8153-209b4fb3d5eb,ascent--ellen,ELLEN,Harrison,MOOREFIELD,1787459253071652,true,true,saved_pad_reference,40.227073,-81.148656,,,40.227073,-81.148656,,,,,false,false
098667bf-a39f-4e7b-86e1-0706c882943c,6,8148f6bd-b58f-4a61-81b4-e6018c185fde,ascent--foxtrot,FOXTROT,Harrison,ATHENS,1786265812046205,true,true,saved_pad_reference,40.18615,-81.001693,,,40.18615,-81.001693,,,,,false,false
098667bf-a39f-4e7b-86e1-0706c882943c,6,b9a8e55c-3583-4019-85fc-54a03d420ace,ascent--hamilton,HAMILTON,Harrison,MOOREFIELD,1786258360881449,true,true,saved_pad_reference,40.225052,-81.177456,,,40.225052,-81.177456,,,,,false,false
098667bf-a39f-4e7b-86e1-0706c882943c,6,9aa065c0-8896-49e2-b02d-d4ca71acefc3,ascent--jeffco,JEFFCO,Harrison,GREEN,1786265812046205,true,true,saved_pad_reference,40.292482,-80.896856,,,40.292482,-80.896856,,,,,false,false
098667bf-a39f-4e7b-86e1-0706c882943c,6,3d8f12eb-538a-49b7-b668-08288e3a26a1,ascent--jones,JONES,Harrison,NOTTINGHAM,1786258360881449,true,true,saved_pad_reference,40.261571,-81.17006,,,40.261571,-81.17006,,,,,false,false
098667bf-a39f-4e7b-86e1-0706c882943c,6,518659d9-bca2-47b0-b294-3141ba679fc4,ascent--lasso,LASSO,Harrison,Short Creek,1787459253071652,false,false,saved_pad_reference,40.240883,-80.913963,,,40.240883,-80.913963,,,,,false,false
098667bf-a39f-4e7b-86e1-0706c882943c,6,b11e4ded-76d0-403f-8a50-d76c413e5db5,ascent--liggett,LIGGETT,Harrison,Athens,1786265812046205,true,true,saved_pad_reference,40.221926,-80.988679,,,40.221926,-80.988679,,,,,false,false
098667bf-a39f-4e7b-86e1-0706c882943c,6,c7fffd5d-1e83-47c6-8f51-ee9a7ce490e7,ascent--medinah,MEDINAH,Harrison,GREEN,1787459253071652,true,true,saved_pad_reference,40.311514,-80.896954,,,40.311514,-80.896954,,,,,false,false
098667bf-a39f-4e7b-86e1-0706c882943c,6,655a97d5-ffdf-4b13-bf66-3d22022239b4,ascent--pettay,PETTAY,Harrison,NOTTINGHAM,1787459253071652,true,true,saved_pad_reference,40.238511,-81.173547,,,40.238511,-81.173547,,,,,false,false
098667bf-a39f-4e7b-86e1-0706c882943c,6,75600d0c-17b8-488b-96c9-4b7b8ffc8b1b,ascent--pickens,PICKENS,Harrison,Short Creek,1787615581785257,true,true,verified_driver_entrance,40.182544,-80.977135,40.182544,-80.977135,,,,,,,false,false
098667bf-a39f-4e7b-86e1-0706c882943c,6,cce7cf93-bb03-4766-8c54-711034ec2a4f,ascent--pine-valley,PINE VALLEY,Harrison,GREEN,1786258360881449,true,true,saved_pad_reference,40.285899,-80.881753,,,40.285899,-80.881753,,,,,false,false
098667bf-a39f-4e7b-86e1-0706c882943c,6,2320c393-cad9-4c1b-94f9-7021c8488bd1,ascent--rose,ROSE,Harrison,Nottingham,1787459253071652,true,true,saved_pad_reference,40.17011544,-81.08306636,,,40.17011544,-81.08306636,,,,,false,false
098667bf-a39f-4e7b-86e1-0706c882943c,6,166c5d6c-3a8d-4481-b8bf-5d74b7605f0d,ascent--sadler,SADLER,Harrison,Short Creek,1786440150388625,true,true,verified_driver_entrance,40.207568,-80.935841,40.207568,-80.935841,,,,,,,false,false
098667bf-a39f-4e7b-86e1-0706c882943c,6,6ef0746f-341a-4d29-9399-a81cfbec11e8,ascent--scout,SCOUT,Harrison,SHORT CREEK,1787615581785257,true,true,saved_pad_reference,40.165091,-80.903485,,,40.165091,-80.903485,,,,,false,false
098667bf-a39f-4e7b-86e1-0706c882943c,6,9b9ddf20-a551-43c6-a709-0552a3aee134,ascent--sheporgi,SHEPORGI,Harrison,GREEN,1786258360881449,true,true,saved_pad_reference,40.277767,-80.888526,,,40.277767,-80.888526,,,,,false,false
098667bf-a39f-4e7b-86e1-0706c882943c,6,ec0637e2-1673-41c8-9004-cc317a9c9060,ascent--sherwood,SHERWOOD,Harrison,MOOREFIELD,1786265812046205,true,true,saved_pad_reference,40.208184,-81.120811,,,40.208184,-81.120811,,,,,false,false
098667bf-a39f-4e7b-86e1-0706c882943c,6,09d47bdb-8607-4e4b-b558-63bf5266bdd3,ascent--sparger,SPARGER,Harrison,NOTTINGHAM,1786258360881449,true,true,saved_pad_reference,40.251961,-81.139182,,,40.251961,-81.139182,,,,,false,false
098667bf-a39f-4e7b-86e1-0706c882943c,6,f5a82acf-d7c0-4ce3-ad4e-0de810551450,ascent--sproull,SPROULL,Harrison,NOTTINGHAM,1786258360881449,true,true,saved_pad_reference,40.22914,-81.151012,,,40.22914,-81.151012,,,,,false,false
098667bf-a39f-4e7b-86e1-0706c882943c,6,8a41dad0-5602-4a6b-bd04-9bc9cae27941,ascent--tarbert,TARBERT,Harrison,MOOREFIELD,1786258360881449,true,true,saved_pad_reference,40.203776,-81.17709,,,40.203776,-81.17709,,,,,false,false
098667bf-a39f-4e7b-86e1-0706c882943c,6,800c877a-6b4f-4a87-a710-b1e00af63c62,ascent--towe,TOWE,Harrison,Monroe,1786159709605865,true,true,verified_driver_entrance,40.385998,-81.212569,40.385998,-81.212569,,,,,,,false,false
098667bf-a39f-4e7b-86e1-0706c882943c,6,15f62c54-ba3f-4c8d-bf17-2f410c9eb092,ascent--triplett,TRIPLETT,Harrison,FRANKLIN,1786258360881449,true,true,saved_pad_reference,40.32084,-81.22495,,,40.32084,-81.22495,,,,,false,false
098667bf-a39f-4e7b-86e1-0706c882943c,6,0b675c3f-2c04-4901-955d-8629e7dba05e,ascent--una,UNA,Harrison,Short Creek,1787732756762534,true,true,saved_pad_reference,40.228835,-80.933934,,,40.228835,-80.933934,,,,,false,false
098667bf-a39f-4e7b-86e1-0706c882943c,6,c8637048-5fcd-4565-94f0-8dcfce624dd2,ascent--victor,VICTOR,Harrison,Athens,1786258360881449,true,true,saved_pad_reference,40.016413,-81.189751,,,40.016413,-81.189751,,,,,false,false
098667bf-a39f-4e7b-86e1-0706c882943c,6,7b6efac2-1fa8-46d0-be01-d58ed5762164,ascent--victoria,VICTORIA,Harrison,Athens,1787459253071652,true,true,saved_pad_reference,40.9992946,-81.0666759,,,40.9992946,-81.0666759,,,,,false,false
098667bf-a39f-4e7b-86e1-0706c882943c,6,2650c579-b317-4cf5-baf4-1456abec1cb8,ascent--amber,AMBER,Jefferson,WELLS,1787459253071652,true,true,saved_pad_reference,40.255469,-80.702589,,,40.255469,-80.702589,,,,,false,false
098667bf-a39f-4e7b-86e1-0706c882943c,6,896e6e84-29b1-493c-b77f-f531153351d0,ascent--archie,ARCHIE,Jefferson,WAYNE,1787459253071652,true,true,saved_pad_reference,40.335786,-80.817855,,,40.335786,-80.817855,,,,,false,false
098667bf-a39f-4e7b-86e1-0706c882943c,6,3850e94a-826f-4b6b-a54f-d21d482fca46,ascent--athena,ATHENA,Jefferson,SMITHFIELD,1787459253071652,true,true,saved_pad_reference,40.278613,-80.765988,,,40.278613,-80.765988,,,,,false,false
098667bf-a39f-4e7b-86e1-0706c882943c,6,86f059bc-72e2-468c-a93c-f468069d0295,ascent--atlas,ATLAS,Jefferson,WELLS,1787459253071652,true,true,saved_pad_reference,40.25091,-80.751329,,,40.25091,-80.751329,,,,,false,false
098667bf-a39f-4e7b-86e1-0706c882943c,6,b6dae008-74d4-4976-9c72-fba7ae349c50,ascent--besece,BESECE,Jefferson,MOUNT PLEASANT,1787615581785257,true,true,saved_pad_reference,40.189775,-80.842997,,,40.189775,-80.842997,,,,,false,false
098667bf-a39f-4e7b-86e1-0706c882943c,6,859bb8c8-e902-4085-b089-d0375c28ae6c,ascent--borum,BORUM,Jefferson,SMITHFIELD,1787459253071652,true,true,saved_pad_reference,40.290672,-80.85661,,,40.290672,-80.85661,,,,,false,false
098667bf-a39f-4e7b-86e1-0706c882943c,6,45b2cfd7-1936-406d-bf6c-de0b8acc8e88,ascent--cecelia,CECELIA,Jefferson,WELLS,1787459253071652,true,true,saved_pad_reference,40.282447,-80.756322,,,40.282447,-80.756322,,,,,false,false
098667bf-a39f-4e7b-86e1-0706c882943c,6,2fd33dcc-6dbe-4496-a730-295914cef940,ascent--cena,CENA,Jefferson,WAYNE,1787459253071652,true,true,saved_pad_reference,40.346562,-80.770844,,,40.346562,-80.770844,,,,,false,false
098667bf-a39f-4e7b-86e1-0706c882943c,6,3e31e56b-6c85-4f0c-9a38-0554b42581a5,ascent--cermak,CERMAK,Jefferson,SMITHFIELD,1787459253071652,true,true,saved_pad_reference,40.244707,-80.807728,,,40.244707,-80.807728,,,,,false,false
098667bf-a39f-4e7b-86e1-0706c882943c,6,757f6f6d-b427-4037-829e-9f31847421c8,ascent--cesario,CESARIO,Jefferson,MOUNT PLEASANT,1786258360881449,true,true,saved_pad_reference,40.198778,-80.784513,,,40.198778,-80.784513,,,,,false,false
098667bf-a39f-4e7b-86e1-0706c882943c,6,0ce3a5b6-b2e0-4daa-b8de-66216c1818fc,ascent--club,CLUB,Jefferson,SMITHFIELD,1787459253071652,true,true,saved_pad_reference,40.220486,-80.852604,,,40.220486,-80.852604,,,,,false,false
098667bf-a39f-4e7b-86e1-0706c882943c,6,6775a5be-1184-441c-a50c-4c51efd86eb1,ascent--colaianni,COLAIANNI,Jefferson,MOUNT PLEASANT,1787459253071652,true,true,saved_pad_reference,40.167723,-80.824732,,,40.167723,-80.824732,,,,,false,false
098667bf-a39f-4e7b-86e1-0706c882943c,6,4f23bc46-4d15-4582-838f-e2ec74f7fe0c,ascent--collins,COLLINS,Jefferson,WAYNE,1786265812046205,true,true,saved_pad_reference,40.349789,-80.809605,,,40.349789,-80.809605,,,,,false,false
098667bf-a39f-4e7b-86e1-0706c882943c,6,e70c6c4f-8f0e-480f-8a77-448fcf6d6d9c,ascent--creamer,CREAMER,Jefferson,WARREN,1787459253071652,true,true,saved_pad_reference,40.205254,-80.727134,,,40.205254,-80.727134,,,,,false,false
098667bf-a39f-4e7b-86e1-0706c882943c,6,69c4cf2d-f404-48c5-b4a9-08099de4664b,ascent--cross-creek,CROSS CREEK,Jefferson,CROSS CREEK,1787459253071652,true,true,saved_pad_reference,40.310116,-80.711596,,,40.310116,-80.711596,,,,,false,false
098667bf-a39f-4e7b-86e1-0706c882943c,6,055798cd-468d-4681-842c-7a53d72f95a8,ascent--crowell,CROWELL,Jefferson,WAYNE,1787459253071652,true,true,saved_pad_reference,40.33203,-80.83421,,,40.33203,-80.83421,,,,,false,false
098667bf-a39f-4e7b-86e1-0706c882943c,6,2a3415ba-72b0-4125-93c2-06340504bc5e,ascent--dalrymple,DALRYMPLE,Jefferson,SMITHFIELD,1787459253071652,true,true,saved_pad_reference,40.253123,-80.860539,,,40.253123,-80.860539,,,,,false,false
098667bf-a39f-4e7b-86e1-0706c882943c,6,95682186-7210-47b5-bd14-2f82ce775515,ascent--darrow,DARROW,Jefferson,MOUNT PLEASANT,1787459253071652,true,true,saved_pad_reference,40.184639,-80.823008,,,40.184639,-80.823008,,,,,false,false
098667bf-a39f-4e7b-86e1-0706c882943c,6,18befd60-a104-4845-9e35-34a73cb9b109,ascent--dawson,DAWSON,Jefferson,SMITHFIELD,1787459253071652,true,true,saved_pad_reference,40.280689,-80.808585,,,40.280689,-80.808585,,,,,false,false
098667bf-a39f-4e7b-86e1-0706c882943c,6,18257dbf-d681-46dd-be38-a8e4a6aab56f,ascent--dickson,DICKSON,Jefferson,CROSS CREEK,1787459253071652,true,true,saved_pad_reference,40.307082,-80.694744,,,40.307082,-80.694744,,,,,false,false
098667bf-a39f-4e7b-86e1-0706c882943c,6,cc6fa7ae-178c-434a-a36a-321a5d326563,ascent--doyen,DOYEN,Jefferson,WELLS,1787459253071652,true,true,saved_pad_reference,40.256018,-80.697324,,,40.256018,-80.697324,,,,,false,false
098667bf-a39f-4e7b-86e1-0706c882943c,6,5484ef9c-cc1f-4eca-9527-63d4a64183fb,ascent--elite,ELITE,Jefferson,MOUNT PLEASANT,1787459253071652,true,true,saved_pad_reference,40.188588,-80.805198,,,40.188588,-80.805198,,,,,false,false
098667bf-a39f-4e7b-86e1-0706c882943c,6,b17d1649-f569-4bff-87e3-0530138ba511,ascent--faldowski,FALDOWSKI,Jefferson,SMITHFIELD,1787459253071652,true,true,saved_pad_reference,40.217224,-80.808182,,,40.217224,-80.808182,,,,,false,false
098667bf-a39f-4e7b-86e1-0706c882943c,6,d026b46b-5e9b-478c-b59f-fcb9a29d7ed0,ascent--fauna,FAUNA,Jefferson,Wells,1786265812046205,true,true,official_wellhead_reference,40.279773,-80.627905,,,,,,,40.279773,-80.627905,false,false
098667bf-a39f-4e7b-86e1-0706c882943c,6,f9ba8f15-85b3-402f-847b-d3b3d32bfc0a,ascent--ferguson,FERGUSON,Jefferson,SMITHFIELD,1787459253071652,true,true,saved_pad_reference,40.234358,-80.779074,,,40.234358,-80.779074,,,,,false,false
098667bf-a39f-4e7b-86e1-0706c882943c,6,9aba1dc6-2e10-4560-8e16-1a6e87edea30,ascent--gabriel,GABRIEL,Jefferson,WELLS,1787459253071652,true,true,saved_pad_reference,40.25435,-80.722696,,,40.25435,-80.722696,,,,,false,false
098667bf-a39f-4e7b-86e1-0706c882943c,6,d8602def-c1de-44a3-a38d-2def80ac4ff3,ascent--geno,GENO,Jefferson,SMITHFIELD,1786265812046205,true,true,saved_pad_reference,40.276687,-80.817741,,,40.276687,-80.817741,,,,,false,false
098667bf-a39f-4e7b-86e1-0706c882943c,6,4a24f660-f6c9-4b5b-a405-43402c41e365,ascent--giusto,GIUSTO,Jefferson,CROSS CREEK,1786258360881449,true,true,saved_pad_reference,40.346415,-80.678759,,,40.346415,-80.678759,,,,,false,false
098667bf-a39f-4e7b-86e1-0706c882943c,6,b7e472dd-7102-494f-8114-45c124f4e2bc,ascent--gordon,GORDON,Jefferson,CROSS CREEK,1787459253071652,true,true,saved_pad_reference,40.315718,-80.716675,,,40.315718,-80.716675,,,,,false,false
098667bf-a39f-4e7b-86e1-0706c882943c,6,74264915-dd02-430f-9e56-e109a5fdff58,ascent--griswold,GRISWOLD,Jefferson,WAYNE,1787459253071652,true,true,saved_pad_reference,40.31714,-80.801752,,,40.31714,-80.801752,,,,,false,false
098667bf-a39f-4e7b-86e1-0706c882943c,6,656f5543-21fc-4b7b-a541-0497b7fab488,ascent--grywalski,GRYWALSKI,Jefferson,MOUNT PLEASANT,1787459253071652,true,true,saved_pad_reference,40.201238,-80.829907,,,40.201238,-80.829907,,,,,false,false
098667bf-a39f-4e7b-86e1-0706c882943c,6,3c3ef18f-8bca-4c97-af4e-9dce8cf8733b,ascent--hammock,HAMMOCK,Jefferson,CROSS CREEK,1787459253071652,true,true,saved_pad_reference,40.353166,-80.671297,,,40.353166,-80.671297,,,,,false,false
098667bf-a39f-4e7b-86e1-0706c882943c,6,d5b3f275-6467-4a42-a7fb-f9fda6fd4448,ascent--harr,HARR,Jefferson,MOUNT PLEASANT,1787459253071652,true,true,saved_pad_reference,40.158999,-80.768217,,,40.158999,-80.768217,,,,,false,false
098667bf-a39f-4e7b-86e1-0706c882943c,6,2805772b-58c9-4a41-9c75-de5355f2904a,ascent--howell,HOWELL,Jefferson,SMITHFIELD,1787459253071652,true,true,saved_pad_reference,40.234171,-80.787957,,,40.234171,-80.787957,,,,,false,false
098667bf-a39f-4e7b-86e1-0706c882943c,6,0d883bcc-a811-4f4d-95aa-ae9a0194f3d0,ascent--jack-hamilton,JACK HAMILTON,Jefferson,SMITHFIELD,1787459253071652,true,true,saved_pad_reference,40.254676,-80.850726,,,40.254676,-80.850726,,,,,false,false
098667bf-a39f-4e7b-86e1-0706c882943c,6,672dc563-2612-47b1-a14b-0b67085318e9,ascent--jade,JADE,Jefferson,SMITHFIELD,1787459253071652,true,true,saved_pad_reference,40.268832,-80.764032,,,40.268832,-80.764032,,,,,false,false
098667bf-a39f-4e7b-86e1-0706c882943c,6,83025484-8a55-4e69-a1fb-aa315a6e79f9,ascent--kelpie,KELPIE,Jefferson,WELLS,1787459253071652,true,true,saved_pad_reference,40.249923,-80.703784,,,40.249923,-80.703784,,,,,false,false
098667bf-a39f-4e7b-86e1-0706c882943c,6,594c10ae-9588-4f9b-80da-9053adef114d,ascent--krinke,KRINKE,Jefferson,MOUNT PLEASANT,1787459253071652,true,true,saved_pad_reference,40.166701,-80.798244,,,40.166701,-80.798244,,,,,false,false
098667bf-a39f-4e7b-86e1-0706c882943c,6,bead73eb-9f83-4f9d-97ca-fb45b479b317,ascent--lori,LORI,Jefferson,SMITHFIELD,1787459253071652,true,true,saved_pad_reference,40.238669,-80.771593,,,40.238669,-80.771593,,,,,false,false
098667bf-a39f-4e7b-86e1-0706c882943c,6,638487d0-2ef4-4e5c-8a16-cbb478c490c6,ascent--marquard,MARQUARD,Jefferson,MOUNT PLEASANT,1787459253071652,true,true,saved_pad_reference,40.190145,-80.798772,,,40.190145,-80.798772,,,,,false,false
098667bf-a39f-4e7b-86e1-0706c882943c,6,9d90b16d-f53f-4d50-9fc6-e3c045d2580c,ascent--mingo,MINGO,Jefferson,CROSS CREEK,1787459253071652,true,true,saved_pad_reference,40.323879,-80.745448,,,40.323879,-80.745448,,,,,false,false
098667bf-a39f-4e7b-86e1-0706c882943c,6,f48d9979-961a-456c-a2a6-af18dfea0845,ascent--noelle,NOELLE,Jefferson,Cross Creek,1787459253071652,true,true,saved_pad_reference,40.362018,-80.716719,,,40.362018,-80.716719,,,,,false,false
098667bf-a39f-4e7b-86e1-0706c882943c,6,dc080ad5-27c3-44e9-b4ed-65d19a68cafa,ascent--nolan,NOLAN,Jefferson,CROSS CREEK,1787459253071652,true,true,saved_pad_reference,40.308658,-80.755504,,,40.308658,-80.755504,,,,,false,false
098667bf-a39f-4e7b-86e1-0706c882943c,6,5428a3b7-c17a-4dd2-9cd9-c0ce3b19a605,ascent--omaits,OMAITS,Jefferson,SMITHFIELD,1787459253071652,true,true,saved_pad_reference,40.269755,-80.790909,,,40.269755,-80.790909,,,,,false,false
098667bf-a39f-4e7b-86e1-0706c882943c,6,2f7f37b4-c4d6-48df-b670-4abd114465e2,ascent--packer,PACKER,Jefferson,MOUNT PLEASANT,1786265812046205,true,true,saved_pad_reference,40.17684,-80.86321,,,40.17684,-80.86321,,,,,false,false
098667bf-a39f-4e7b-86e1-0706c882943c,6,9d48f5ed-d2fb-4dbd-9b43-f4cc3adb719c,ascent--patriot,PATRIOT,Jefferson,STEUBENVILLE,1787459253071652,true,true,saved_pad_reference,40.300765,-80.644606,,,40.300765,-80.644606,,,,,false,false
098667bf-a39f-4e7b-86e1-0706c882943c,6,874fc5f7-fa3c-4efd-8462-efe9e97b2a2f,ascent--pearl,PEARL,Jefferson,Wells,1786265812046205,true,true,saved_pad_reference,40.272776,-80.632975,,,40.272776,-80.632975,,,,,false,false
098667bf-a39f-4e7b-86e1-0706c882943c,6,887512e9-c56f-4357-940c-fd3570f7306a,ascent--phillips,PHILLIPS,Jefferson,MOUNT PLEASANT,1787459253071652,true,true,saved_pad_reference,40.1649,-80.84443,,,40.1649,-80.84443,,,,,false,false
098667bf-a39f-4e7b-86e1-0706c882943c,6,23d9d5c1-fe94-4b27-81cf-7e981182c933,ascent--piergallini,PIERGALLINI,Jefferson,SMITHFIELD,1787459253071652,true,true,saved_pad_reference,40.270236,-80.815011,,,40.270236,-80.815011,,,,,false,false
098667bf-a39f-4e7b-86e1-0706c882943c,6,a6c3b68e-4f85-4b1d-9f2c-897fa14a36b5,ascent--porco,PORCO,Jefferson,WARREN,1787459253071652,true,true,saved_pad_reference,40.219548,-80.73759,,,40.219548,-80.73759,,,,,false,false
098667bf-a39f-4e7b-86e1-0706c882943c,6,ce1bff99-9c64-435e-a517-e5b8f1a102b7,ascent--puggle,PUGGLE,Jefferson,Wayne,1787459253071652,true,true,saved_pad_reference,40.318098,-80.774283,,,40.318098,-80.774283,,,,,false,false
098667bf-a39f-4e7b-86e1-0706c882943c,6,fb3dc329-db70-482a-b3d4-8d6f43e4ef57,ascent--rector,RECTOR,Jefferson,MOUNT PLEASANT,1787459253071652,true,true,saved_pad_reference,40.186799,-80.860696,,,40.186799,-80.860696,,,,,false,false
098667bf-a39f-4e7b-86e1-0706c882943c,6,54bbef2d-fc87-4a33-b999-1fec24fc3c62,ascent--riley,RILEY,Jefferson,Mount Pleasant,1786246617744175,true,true,official_pad_reference,40.167109,-80.821194,,,,,40.167109,-80.821194,,,false,false
098667bf-a39f-4e7b-86e1-0706c882943c,6,5c979547-7519-41b8-9e08-62f5f330fbb6,ascent--ronald,RONALD,Jefferson,SMITHFIELD,1787459253071652,true,true,saved_pad_reference,40.241391,-80.817798,,,40.241391,-80.817798,,,,,false,false
098667bf-a39f-4e7b-86e1-0706c882943c,6,d7eb406a-8744-4cd3-bb2c-86d3c922669d,ascent--roxy,ROXY,Jefferson,CROSS CREEK,1787459253071652,true,true,saved_pad_reference,40.324793,-80.747144,,,40.324793,-80.747144,,,,,false,false
098667bf-a39f-4e7b-86e1-0706c882943c,6,7dcd1f71-fa32-4edc-ae3d-aa9717d0c72c,ascent--ruth,RUTH,Jefferson,MOUNT PLEASANT,1787459253071652,true,true,verified_driver_entrance,40.173626,-80.879115,40.173626,-80.879115,,,,,,,false,false
098667bf-a39f-4e7b-86e1-0706c882943c,6,bbd05a00-7125-49ca-9496-30ab857874b4,ascent--satori,SATORI,Jefferson,WELLS,1787459253071652,true,true,saved_pad_reference,40.262247,-80.734851,,,40.262247,-80.734851,,,,,false,false
098667bf-a39f-4e7b-86e1-0706c882943c,6,229679a2-1711-419d-8b9f-089978c9f5cf,ascent--smithfield,SMITHFIELD,Jefferson,SMITHFIELD,1787459253071652,true,true,saved_pad_reference,40.234965,-80.841444,,,40.234965,-80.841444,,,,,false,false
098667bf-a39f-4e7b-86e1-0706c882943c,6,78b91045-a2ee-42f5-a008-5bb7eb66777a,ascent--sport,SPORT,Jefferson,WAYNE,1787459253071652,true,true,saved_pad_reference,40.325738,-80.773014,,,40.325738,-80.773014,,,,,false,false
098667bf-a39f-4e7b-86e1-0706c882943c,6,5b8d00dc-1814-4a38-bda9-1e9d6f1b7ced,ascent--stone,STONE,Jefferson,CROSS CREEK,1787459253071652,true,true,saved_pad_reference,40.347579,-80.690543,,,40.347579,-80.690543,,,,,false,false
098667bf-a39f-4e7b-86e1-0706c882943c,6,20f3a681-598a-4e42-87c4-915e68cca777,ascent--tanner,TANNER,Jefferson,WAYNE,1786265812046205,true,true,saved_pad_reference,40.346529,-80.812857,,,40.346529,-80.812857,,,,,false,false
098667bf-a39f-4e7b-86e1-0706c882943c,6,7eb68543-476e-4da6-a575-b11f1a2702ee,ascent--thompson,THOMPSON,Jefferson,SMITHFIELD,1787459253071652,true,true,saved_pad_reference,40.276893,-80.830242,,,40.276893,-80.830242,,,,,false,false
098667bf-a39f-4e7b-86e1-0706c882943c,6,e1078190-1832-4c54-a825-bf053959f84b,ascent--vincent,VINCENT,Jefferson,MOUNT PLEASANT,1787459253071652,true,true,saved_pad_reference,40.169304,-80.827132,,,40.169304,-80.827132,,,,,false,false
098667bf-a39f-4e7b-86e1-0706c882943c,6,6f21fcf3-eceb-4748-884b-c1930c42014e,ascent--wilma,WILMA,Jefferson,WARREN,1787459253071652,true,true,saved_pad_reference,40.17523,-80.75489,,,40.17523,-80.75489,,,,,false,false
098667bf-a39f-4e7b-86e1-0706c882943c,6,83801edc-0a49-443b-89c6-1358bcbcc05f,ascent--zeds,ZEDS,Jefferson,MOUNT PLEASANT,1787459253071652,true,true,saved_pad_reference,40.188171,-80.781848,,,40.188171,-80.781848,,,,,false,false
098667bf-a39f-4e7b-86e1-0706c882943c,6,8e0cd36e-2f51-418a-a61e-8828ef364ead,ascent--zimnox,ZIMNOX,Jefferson,WELLS,1787459253071652,true,true,saved_pad_reference,40.274498,-80.682359,,,40.274498,-80.682359,,,,,false,false
098667bf-a39f-4e7b-86e1-0706c882943c,6,314652b0-0abb-47cb-a263-88ca23582144,ascent--monroe-north,MONROE NORTH,Monroe,SWITZERLAND,1787459253071652,true,true,saved_pad_reference,39.822655,-80.851694,,,39.822655,-80.851694,,,,,false,false
098667bf-a39f-4e7b-86e1-0706c882943c,6,0f848006-4c09-4c7f-b9f2-4743d5ccd37f,ascent--alabaster,ALABASTER,Noble,STOCK,1786258360881449,true,true,verified_driver_entrance,39.753932,-81.340877,39.753932,-81.340877,,,,,,,false,false
098667bf-a39f-4e7b-86e1-0706c882943c,6,f3a32567-5af8-4c03-be12-f43cda54f45f,ascent--billy-sherman,BILLY SHERMAN,Noble,SENECA,1786265812046205,true,true,saved_pad_reference,39.850171,-81.398778,,,39.850171,-81.398778,,,,,false,false
098667bf-a39f-4e7b-86e1-0706c882943c,6,5bcdb090-5758-48e0-911e-638f8dec5a35,ascent--debaser,DEBASER,Noble,CENTER,1786265812046205,true,true,saved_pad_reference,39.797375,-81.428418,,,39.797375,-81.428418,,,,,false,false
098667bf-a39f-4e7b-86e1-0706c882943c,6,691fb27b-2b35-471d-81fa-9239f6bd4081,ascent--lodestar,LODESTAR,Noble,STOCK,1786258360881449,true,true,saved_pad_reference,39.750091,-81.409571,,,39.750091,-81.409571,,,,,false,false
098667bf-a39f-4e7b-86e1-0706c882943c,6,b48399d6-1890-4a19-af28-dba54b28fb55,ascent--matador,MATADOR,Noble,MARION,1786265812046205,true,true,saved_pad_reference,39.821516,-81.39377,,,39.821516,-81.39377,,,,,false,false
098667bf-a39f-4e7b-86e1-0706c882943c,6,ca1560b5-4ea6-4eb7-a82e-de2467937eb2,ascent--moonstone,MOONSTONE,Noble,SENECA,1786265812046205,true,true,saved_pad_reference,39.83664,-81.379628,,,39.83664,-81.379628,,,,,false,false
098667bf-a39f-4e7b-86e1-0706c882943c,6,475462f4-7e7a-4432-801c-5e513d5e953f,ascent--north-star,NORTH STAR,Noble,ENOCH,1786258360881449,true,true,saved_pad_reference,39.739847,-81.420197,,,39.739847,-81.420197,,,,,false,false
098667bf-a39f-4e7b-86e1-0706c882943c,6,588161d4-61ce-4589-a641-370cefef1307,ascent--ruby-opal,RUBY-OPAL,Noble,MARION,1786258360881449,true,true,saved_pad_reference,39.834094,-81.394512,,,39.834094,-81.394512,,,,,false,false
098667bf-a39f-4e7b-86e1-0706c882943c,6,e36bd24b-65a6-42df-a852-998945cbc43c,ascent--vault,VAULT,Noble,MARION,1786265812046205,true,true,saved_pad_reference,39.811778,-81.400909,,,39.811778,-81.400909,,,,,false,false
098667bf-a39f-4e7b-86e1-0706c882943c,6,0b7ed9a5-7748-4d92-992a-7f2cecf9dd08,ascent--winston-smith,WINSTON SMITH,Noble,STOCK,1786258360881449,true,true,saved_pad_reference,39.752765,-81.396584,,,39.752765,-81.396584,,,,,false,false
